-- MySQL dump 10.13  Distrib 5.6.23, for Win64 (x86_64)
--
-- Host: 127.0.0.1    Database: wm2asfe
-- ------------------------------------------------------
-- Server version	5.6.25

/*!40101 SET @OLD_CHARACTER_SET_CLIENT=@@CHARACTER_SET_CLIENT */;
/*!40101 SET @OLD_CHARACTER_SET_RESULTS=@@CHARACTER_SET_RESULTS */;
/*!40101 SET @OLD_COLLATION_CONNECTION=@@COLLATION_CONNECTION */;
/*!40101 SET NAMES utf8 */;
/*!40103 SET @OLD_TIME_ZONE=@@TIME_ZONE */;
/*!40103 SET TIME_ZONE='+00:00' */;
/*!40014 SET @OLD_UNIQUE_CHECKS=@@UNIQUE_CHECKS, UNIQUE_CHECKS=0 */;
/*!40014 SET @OLD_FOREIGN_KEY_CHECKS=@@FOREIGN_KEY_CHECKS, FOREIGN_KEY_CHECKS=0 */;
/*!40101 SET @OLD_SQL_MODE=@@SQL_MODE, SQL_MODE='NO_AUTO_VALUE_ON_ZERO' */;
/*!40111 SET @OLD_SQL_NOTES=@@SQL_NOTES, SQL_NOTES=0 */;

--
-- Table structure for table `campostablabasedatos`
--

DROP TABLE IF EXISTS `campostablabasedatos`;
/*!40101 SET @saved_cs_client     = @@character_set_client */;
/*!40101 SET character_set_client = utf8 */;
CREATE TABLE `campostablabasedatos` (
  `camposTablaBaseDatosId` int(11) NOT NULL AUTO_INCREMENT,
  `nombre` varchar(45) COLLATE utf8_spanish_ci DEFAULT NULL,
  `fechaCreacion` datetime DEFAULT NULL,
  `tablasBaseDatosId` int(11) NOT NULL,
  `campoOrigenId` int(11) DEFAULT NULL,
  `numeroTablaId` int(11) DEFAULT NULL,
  PRIMARY KEY (`camposTablaBaseDatosId`),
  KEY `fk_CamposTablaBaseDatos_TablasBaseDatos1_idx` (`tablasBaseDatosId`),
  CONSTRAINT `fk_CamposTablaBaseDatos_TablasBaseDatos1` FOREIGN KEY (`tablasBaseDatosId`) REFERENCES `tablasbasedatos` (`tablasBaseDatosId`) ON DELETE NO ACTION ON UPDATE NO ACTION
) ENGINE=InnoDB AUTO_INCREMENT=103 DEFAULT CHARSET=utf8 COLLATE=utf8_spanish_ci;
/*!40101 SET character_set_client = @saved_cs_client */;

--
-- Dumping data for table `campostablabasedatos`
--

LOCK TABLES `campostablabasedatos` WRITE;
/*!40000 ALTER TABLE `campostablabasedatos` DISABLE KEYS */;
INSERT INTO `campostablabasedatos` VALUES (71,'IdComprobante','2015-06-18 04:46:06',18,1,NULL),(72,'IdMiEmpresa','2015-06-18 04:46:07',18,5,NULL),(74,'IdComprobanteDeta','2015-06-18 04:46:07',19,12,NULL),(75,'IdProducto','2015-06-18 04:46:07',19,14,NULL),(76,'TipoCambio','2015-06-18 04:46:07',19,15,NULL),(77,'IdTipoDoc','2015-06-18 04:46:07',20,23,NULL),(78,'Codigo','2015-06-18 04:46:07',20,24,NULL),(79,'TipoDoc','2015-06-18 04:46:07',20,25,NULL),(80,'IdTipoMoneda','2015-06-18 04:46:07',21,0,NULL),(81,'NomMoneda','2015-06-18 04:46:07',21,0,NULL),(82,'Serie','2015-06-18 04:47:05',18,6,NULL),(83,'NumDoc','2015-06-18 04:48:37',18,8,NULL),(85,'Dcto','2015-06-18 04:50:05',19,13,NULL),(87,'Simbolo','2015-06-18 04:50:05',21,0,NULL),(88,'NomCliente','2015-06-18 04:52:20',18,4,NULL),(89,'Ruc','2015-06-18 04:52:20',18,3,NULL),(90,'DirecCliente','2015-06-18 04:52:20',18,7,NULL),(91,'Ubigeo','2015-06-18 04:52:20',18,11,NULL),(92,'NomProducto','2015-06-18 04:52:20',19,16,NULL),(93,'Cantidad','2015-06-18 04:52:20',19,17,NULL),(94,'PrecioVenta','2015-06-18 04:52:20',19,18,NULL),(95,'Igv','2015-06-18 04:52:20',19,19,NULL),(96,'Total','2015-06-18 04:52:20',19,20,NULL),(97,'ExoneradoIGV','2015-06-18 04:52:20',19,21,NULL),(98,'Unidad','2015-06-18 04:52:20',19,22,NULL),(99,'Nombre','2015-06-18 04:52:20',20,0,NULL),(100,'FCrea','2015-06-18 04:58:05',18,2,NULL),(101,'IdTipoMoneda','2015-06-19 07:12:15',18,NULL,NULL),(102,'IdCliente','2015-06-19 07:12:16',18,NULL,NULL);
/*!40000 ALTER TABLE `campostablabasedatos` ENABLE KEYS */;
UNLOCK TABLES;

--
-- Table structure for table `comprobantedetalleelectronico`
--

DROP TABLE IF EXISTS `comprobantedetalleelectronico`;
/*!40101 SET @saved_cs_client     = @@character_set_client */;
/*!40101 SET character_set_client = utf8 */;
CREATE TABLE `comprobantedetalleelectronico` (
  `comprobanteDetalleId` int(11) NOT NULL AUTO_INCREMENT,
  `comprobanteId` int(11) NOT NULL,
  `unidadMedida` varchar(3) COLLATE utf8_spanish_ci DEFAULT NULL,
  `cantidad` decimal(12,3) DEFAULT NULL,
  `codigo` varchar(45) COLLATE utf8_spanish_ci DEFAULT NULL,
  `descripcion` varchar(250) COLLATE utf8_spanish_ci DEFAULT NULL,
  `valorUnitario` decimal(12,2) DEFAULT NULL,
  `precioUnitario` decimal(12,2) DEFAULT NULL,
  `igvItem` decimal(12,2) DEFAULT NULL,
  `iscItem` decimal(12,2) DEFAULT NULL,
  `valorVenta` decimal(12,2) DEFAULT NULL,
  `valorReferencial` decimal(12,2) DEFAULT NULL,
  `codAfectacionIgv` varchar(4) COLLATE utf8_spanish_ci DEFAULT NULL,
  `codTipoOperacion` varchar(2) COLLATE utf8_spanish_ci DEFAULT NULL,
  `numeroOrden` int(3) NOT NULL,
  PRIMARY KEY (`comprobanteDetalleId`),
  KEY `fk_ComprobanteDetalleElectronico_ComprobanteElectronico1_idx` (`comprobanteId`),
  CONSTRAINT `fk_ComprobanteDetalleElectronico_ComprobanteElectronico1` FOREIGN KEY (`comprobanteId`) REFERENCES `comprobanteelectronico` (`id`) ON DELETE CASCADE ON UPDATE NO ACTION
) ENGINE=InnoDB AUTO_INCREMENT=278 DEFAULT CHARSET=utf8 COLLATE=utf8_spanish_ci;
/*!40101 SET character_set_client = @saved_cs_client */;

--
-- Dumping data for table `comprobantedetalleelectronico`
--

LOCK TABLES `comprobantedetalleelectronico` WRITE;
/*!40000 ALTER TABLE `comprobantedetalleelectronico` DISABLE KEYS */;
INSERT INTO `comprobantedetalleelectronico` VALUES (4,2,'NIU',1.000,'REF564','Refrigeradora marca AXM no frost de 200 ltrs',845.76,998.00,152.24,0.00,845.76,NULL,'10','01',1),(5,2,'NIU',1.000,'COC124','Cocina a gas GLP, marca AXM de 5 hornillas',635.59,750.00,114.41,0.00,635.59,NULL,'10','01',2),(6,2,'NIU',10.000,'NOB012','Sixpack de gaseosa Guarana de 400 ml',4.80,0.00,0.00,0.00,0.00,NULL,'10','01',3),(18,5,'NIU',100.000,'GLG199','Grabadora LG Externo Modelo GE20LU10',83.05,98.00,1494.92,0.00,8305.08,NULL,'10','01',1),(20,7,'NIU',0.167,'opcional','ATM Erp Cloud Edición Corporativa - Implementación',35000.00,41300.00,1050.21,0.00,5834.50,NULL,'10','01',1),(21,7,'NIU',0.167,'opcional','Adecuacion a medida ATM Erp segun especificaciones cliente',17600.00,20768.00,527.79,0.00,2932.16,NULL,'10','01',2),(22,7,'NIU',0.167,'opcional','Diagnositoco de Infraestructura Datacenter',2000.00,2360.00,60.01,0.00,333.40,NULL,'10','01',3),(23,8,'NIU',250.000,'100056','K-20 Terminal Control Asistencia y Acceso',5.00,5.00,0.00,0.00,1250.00,NULL,'10','01',1),(24,9,'NIU',0.167,'opcional','ATM Erp Cloud Edición Corporativa - Implementación',35000.00,41300.00,1050.21,0.00,5834.50,NULL,'10','01',1),(25,9,'NIU',0.167,'opcional','Adecuacion a medida ATM Erp segun especificaciones cliente',17600.00,20768.00,527.79,0.00,2932.16,NULL,'10','01',2),(26,9,'NIU',0.167,'opcional','Diagnositoco de Infraestructura Datacenter',2000.00,2360.00,60.01,0.00,333.40,NULL,'10','01',3),(106,64,'NIU',5.000,'12345','Arroz Paisana',3.00,3.54,2.70,0.00,15.00,NULL,'10','01',1),(107,64,'NIU',5.000,'12851','Leche Gloria',2.80,3.30,2.52,0.00,14.00,NULL,'10','01',2),(108,65,'NIU',5.000,'12345','Arroz Paisana',3.00,3.54,2.70,0.00,15.00,NULL,'10','01',1),(109,65,'NIU',5.000,'12851','Leche Gloria',2.80,3.30,2.52,0.00,14.00,NULL,'10','01',2),(110,66,'NIU',5.000,'12345','Arroz Paisana',3.00,3.54,2.70,0.00,15.00,NULL,'10','01',1),(111,66,'NIU',5.000,'12851','Leche Gloria',2.80,3.30,2.52,0.00,14.00,NULL,'10','01',2),(112,67,'NIU',5.000,'12345','Arroz Paisana',3.00,3.54,2.70,0.00,15.00,NULL,'10','01',1),(113,67,'NIU',5.000,'12851','Leche Gloria',2.80,3.30,2.52,0.00,14.00,NULL,'10','01',2),(114,68,'NIU',5.000,'12345','Arroz Paisana',3.00,3.54,2.70,0.00,15.00,NULL,'10','01',1),(115,68,'NIU',5.000,'12851','Leche Gloria',2.80,3.30,2.52,0.00,14.00,NULL,'10','01',2),(122,72,'NIU',5.000,'12345','Arroz Paisana',3.00,3.54,2.70,0.00,15.00,NULL,'10','01',1),(123,72,'NIU',5.000,'12851','Leche Gloria',2.80,3.30,2.52,0.00,14.00,NULL,'10','01',2),(124,73,'NIU',5.000,'12345','Arroz Paisana',3.00,3.54,2.70,0.00,15.00,NULL,'10','01',1),(125,73,'NIU',5.000,'12851','Leche Gloria',2.80,3.30,2.52,0.00,14.00,NULL,'10','01',2),(126,74,'NIU',5.000,'12345','Arroz Paisana',3.00,3.54,2.70,0.00,15.00,NULL,'10','01',1),(127,74,'NIU',5.000,'12851','Leche Gloria',2.80,3.30,2.52,0.00,14.00,NULL,'10','01',2),(128,75,'NIU',5.000,'12345','Arroz Paisana',3.00,3.54,2.70,0.00,15.00,NULL,'10','01',1),(129,75,'NIU',5.000,'12851','Leche Gloria',2.80,3.30,2.52,0.00,14.00,NULL,'10','01',2),(130,76,'NIU',5.000,'12345','Arroz Paisana',3.00,3.54,2.70,0.00,15.00,NULL,'10','01',1),(131,76,'NIU',5.000,'12851','Leche Gloria',2.80,3.30,2.52,0.00,14.00,NULL,'10','01',2),(132,77,'NIU',5.000,'12345','Arroz Paisana',3.00,3.54,2.70,0.00,15.00,NULL,'10','01',1),(133,77,'NIU',5.000,'12851','Leche Gloria',2.80,3.30,2.52,0.00,14.00,NULL,'10','01',2),(134,78,'NIU',5.000,'12345','Arroz Paisana',3.00,3.54,2.70,0.00,15.00,NULL,'10','01',1),(135,78,'NIU',5.000,'12851','Leche Gloria',2.80,3.30,2.52,0.00,14.00,NULL,'10','01',2),(136,79,'NIU',5.000,'12345','Arroz Paisana',3.00,3.54,2.70,0.00,15.00,NULL,'10','01',1),(137,79,'NIU',5.000,'12851','Leche Gloria',2.80,3.30,2.52,0.00,14.00,NULL,'10','01',2),(138,80,'NIU',5.000,'12345','Arroz Paisana',3.00,3.54,2.70,0.00,15.00,NULL,'10','01',1),(139,80,'NIU',5.000,'12851','Leche Gloria',2.80,3.30,2.52,0.00,14.00,NULL,'10','01',2),(140,81,'NIU',5.000,'12345','Arroz Paisana',3.00,3.54,2.70,0.00,15.00,NULL,'10','01',1),(141,81,'NIU',5.000,'12851','Leche Gloria',2.80,3.30,2.52,0.00,14.00,NULL,'10','01',2),(142,82,'NIU',5.000,'12345','Arroz Paisana',3.00,3.54,2.70,0.00,15.00,NULL,'10','01',1),(143,82,'NIU',5.000,'12851','Leche Gloria',2.80,3.30,2.52,0.00,14.00,NULL,'10','01',2),(144,83,'NIU',5.000,'12345','Arroz Paisana',3.00,3.54,2.70,0.00,15.00,NULL,'10','01',1),(145,83,'NIU',5.000,'12851','Leche Gloria',2.80,3.30,2.52,0.00,14.00,NULL,'10','01',2),(146,84,'NIU',5.000,'12345','Arroz Paisana',3.00,3.54,2.70,0.00,15.00,NULL,'10','01',1),(147,84,'NIU',5.000,'12851','Leche Gloria',2.80,3.30,2.52,0.00,14.00,NULL,'10','01',2),(148,85,'NIU',5.000,'12345','Arroz Paisana',3.00,3.54,2.70,0.00,15.00,NULL,'10','01',1),(149,85,'NIU',5.000,'12851','Leche Gloria',2.80,3.30,2.52,0.00,14.00,NULL,'10','01',2),(150,86,'NIU',5.000,'12345','Arroz Paisana',3.00,3.54,2.70,0.00,15.00,NULL,'10','01',1),(151,86,'NIU',5.000,'12851','Leche Gloria',2.80,3.30,2.52,0.00,14.00,NULL,'10','01',2),(152,87,'NIU',5.000,'12345','Arroz Paisana',3.00,3.54,2.70,0.00,15.00,NULL,'10','01',1),(153,87,'NIU',5.000,'12851','Leche Gloria',2.80,3.30,2.52,0.00,14.00,NULL,'10','01',2),(154,88,'NIU',5.000,'12345','Arroz Paisana',3.00,3.54,2.70,0.00,15.00,NULL,'10','01',1),(155,88,'NIU',5.000,'12851','Leche Gloria',2.80,3.30,2.52,0.00,14.00,NULL,'10','01',2),(156,89,'NIU',5.000,'12345','Arroz Paisana',3.00,3.54,2.70,0.00,15.00,NULL,'10','01',1),(157,89,'NIU',5.000,'12851','Leche Gloria',2.80,3.30,2.52,0.00,14.00,NULL,'10','01',2),(158,90,'NIU',5.000,'12345','Arroz Paisana',3.00,3.54,2.70,0.00,15.00,NULL,'10','01',1),(159,90,'NIU',5.000,'12851','Leche Gloria',2.80,3.30,2.52,0.00,14.00,NULL,'10','01',2),(160,91,'NIU',5.000,'12345','Arroz Paisana',3.00,3.54,2.70,0.00,15.00,NULL,'10','01',1),(161,91,'NIU',5.000,'12851','Leche Gloria',2.80,3.30,2.52,0.00,14.00,NULL,'10','01',2),(162,92,'NIU',5.000,'12345','Arroz Paisana',3.00,3.54,2.70,0.00,15.00,NULL,'10','01',1),(163,92,'NIU',5.000,'12851','Leche Gloria',2.80,3.30,2.52,0.00,14.00,NULL,'10','01',2),(164,93,'NIU',5.000,'12345','Arroz Paisana',3.00,3.54,2.70,0.00,15.00,NULL,'10','01',1),(165,93,'NIU',5.000,'12851','Leche Gloria',2.80,3.30,2.52,0.00,14.00,NULL,'10','01',2),(166,94,'NIU',5.000,'12345','Arroz Paisana',3.00,3.54,2.70,0.00,15.00,NULL,'10','01',1),(167,94,'NIU',5.000,'12851','Leche Gloria',2.80,3.30,2.52,0.00,14.00,NULL,'10','01',2),(168,95,'NIU',5.000,'12345','Arroz Paisana',3.00,3.54,2.70,0.00,15.00,NULL,'10','01',1),(169,95,'NIU',5.000,'12851','Leche Gloria',2.80,3.30,2.52,0.00,14.00,NULL,'10','01',2),(170,96,'NIU',5.000,'12345','Arroz Paisana',3.00,3.54,2.70,0.00,15.00,NULL,'10','01',1),(171,96,'NIU',5.000,'12851','Leche Gloria',2.80,3.30,2.52,0.00,14.00,NULL,'10','01',2),(172,97,'NIU',5.000,'12345','Arroz Paisana',3.00,3.54,2.70,0.00,15.00,NULL,'10','01',1),(173,97,'NIU',5.000,'12851','Leche Gloria',2.80,3.30,2.52,0.00,14.00,NULL,'10','01',2),(174,98,'NIU',5.000,'12345','Arroz Paisana',3.00,3.54,2.70,0.00,15.00,NULL,'10','01',1),(175,98,'NIU',5.000,'12851','Leche Gloria',2.80,3.30,2.52,0.00,14.00,NULL,'10','01',2),(176,99,'NIU',5.000,'12345','Arroz Paisana',3.00,3.54,2.70,0.00,15.00,NULL,'10','01',1),(177,99,'NIU',5.000,'12851','Leche Gloria',2.80,3.30,2.52,0.00,14.00,NULL,'10','01',2),(178,100,'NIU',5.000,'12345','Arroz Paisana',3.00,3.54,2.70,0.00,15.00,NULL,'10','01',1),(179,100,'NIU',5.000,'12851','Leche Gloria',2.80,3.30,2.52,0.00,14.00,NULL,'10','01',2),(180,101,'NIU',5.000,'12345','Arroz Paisana',3.00,3.54,2.70,0.00,15.00,NULL,'10','01',1),(181,101,'NIU',5.000,'12851','Leche Gloria',2.80,3.30,2.52,0.00,14.00,NULL,'10','01',2),(182,102,'NIU',5.000,'12345','Arroz Paisana',3.00,3.54,2.70,0.00,15.00,NULL,'10','01',1),(183,102,'NIU',5.000,'12851','Leche Gloria',2.80,3.30,2.52,0.00,14.00,NULL,'10','01',2),(184,103,'NIU',5.000,'12345','Arroz Paisana',3.00,3.54,2.70,0.00,15.00,NULL,'10','01',1),(185,103,'NIU',5.000,'12851','Leche Gloria',2.80,3.30,2.52,0.00,14.00,NULL,'10','01',2),(186,104,'NIU',5.000,'12345','Arroz Paisana',3.00,3.54,2.70,0.00,15.00,NULL,'10','01',1),(187,104,'NIU',5.000,'12851','Leche Gloria',2.80,3.30,2.52,0.00,14.00,NULL,'10','01',2),(188,105,'NIU',5.000,'12345','Arroz Paisana',3.00,3.54,2.70,0.00,15.00,NULL,'10','01',1),(189,105,'NIU',5.000,'12851','Leche Gloria',2.80,3.30,2.52,0.00,14.00,NULL,'10','01',2),(190,106,'NIU',1.000,'12345','Celular',100.00,118.00,18.00,0.00,100.00,0.00,'10','01',1),(191,106,'NIU',2.000,'12851','Celular',200.00,236.00,72.00,0.00,400.00,0.00,'10','01',2),(192,107,'NIU',1.000,'12345','Celular',100.00,118.00,18.00,0.00,100.00,0.00,'10','01',1),(193,107,'NIU',2.000,'12851','Celular',200.00,236.00,72.00,0.00,400.00,0.00,'10','01',2),(194,108,'NIU',1.000,'12345','Celular',100.00,118.00,18.00,0.00,100.00,0.00,'10','01',1),(195,108,'NIU',2.000,'12851','Celular',200.00,236.00,72.00,0.00,400.00,0.00,'10','01',2),(196,109,'NIU',1.000,'12345','Celular',100.00,118.00,18.00,0.00,100.00,0.00,'10','01',1),(197,109,'NIU',2.000,'12851','Celular',200.00,236.00,72.00,0.00,400.00,0.00,'10','01',2),(198,110,'NIU',1.000,'12345','Celular',100.00,118.00,18.00,0.00,100.00,0.00,'10','01',1),(199,110,'NIU',2.000,'12851','Celular',200.00,236.00,72.00,0.00,400.00,0.00,'10','01',2),(200,111,'NIU',1.000,'12345','Celular',100.00,118.00,18.00,0.00,100.00,0.00,'10','01',1),(201,111,'NIU',2.000,'12851','Celular',200.00,236.00,72.00,0.00,400.00,0.00,'10','01',2),(202,112,'NIU',1.000,'12345','Celular',100.00,118.00,18.00,0.00,100.00,0.00,'10','01',1),(203,112,'NIU',2.000,'12851','Celular',200.00,236.00,72.00,0.00,400.00,0.00,'10','01',2),(204,113,'NIU',1.000,'12345','Celular',100.00,118.00,18.00,0.00,100.00,0.00,'10','01',1),(205,113,'NIU',2.000,'12851','Celular',200.00,236.00,72.00,0.00,400.00,0.00,'10','01',2),(206,114,'NIU',1.000,'12345','Celular',100.00,118.00,18.00,0.00,100.00,0.00,'10','01',1),(207,114,'NIU',2.000,'12851','Celular',200.00,236.00,72.00,0.00,400.00,0.00,'10','01',2),(208,115,'NIU',1.000,'12345','Celular',100.00,118.00,18.00,0.00,100.00,0.00,'10','01',1),(209,115,'NIU',2.000,'12851','Celular',200.00,236.00,72.00,0.00,400.00,0.00,'10','01',2),(210,116,'NIU',1.000,'12345','Celular',100.00,118.00,18.00,0.00,100.00,0.00,'10','01',1),(211,116,'NIU',2.000,'12851','Celular',200.00,236.00,72.00,0.00,400.00,0.00,'10','01',2),(212,117,'NIU',1.000,'12345','Celular',100.00,118.00,18.00,0.00,100.00,0.00,'10','01',1),(213,117,'NIU',2.000,'12851','Celular',200.00,236.00,72.00,0.00,400.00,0.00,'10','01',2),(214,118,'NIU',1.000,'12345','Celular',100.00,118.00,18.00,0.00,100.00,0.00,'10','01',1),(215,118,'NIU',2.000,'12851','Celular',200.00,236.00,72.00,0.00,400.00,0.00,'10','01',2),(216,119,'NIU',1.000,'12345','Celular',100.00,118.00,18.00,0.00,100.00,0.00,'10','01',1),(217,119,'NIU',2.000,'12851','Celular',200.00,236.00,72.00,0.00,400.00,0.00,'10','01',2),(218,120,'NIU',1.000,'12345','Celular',100.00,118.00,18.00,0.00,100.00,0.00,'10','01',1),(219,120,'NIU',2.000,'12851','Celular',200.00,236.00,72.00,0.00,400.00,0.00,'10','01',2),(220,121,'NIU',1.000,'12345','Celular',100.00,118.00,18.00,0.00,100.00,0.00,'10','01',1),(221,121,'NIU',2.000,'12851','Celular',200.00,236.00,72.00,0.00,400.00,0.00,'10','01',2),(222,122,'NIU',1.000,'12345','Celular',100.00,118.00,18.00,0.00,100.00,0.00,'10','01',1),(223,122,'NIU',2.000,'12851','Celular',200.00,236.00,72.00,0.00,400.00,0.00,'10','01',2),(224,123,'NIU',1.000,'12345','Celular',100.00,118.00,18.00,0.00,100.00,0.00,'10','01',1),(225,123,'NIU',2.000,'12851','Celular',200.00,236.00,72.00,0.00,400.00,0.00,'10','01',2),(226,124,'NIU',1.000,'12345','Celular',100.00,118.00,18.00,0.00,100.00,0.00,'10','01',1),(227,124,'NIU',2.000,'12851','Celular',200.00,236.00,72.00,0.00,400.00,0.00,'10','01',2),(228,125,'NIU',1.000,'12345','Chip',38.14,45.00,6.86,0.00,38.14,0.00,'10','01',1),(229,125,'NIU',1.000,'12851','Chip',33.90,40.00,6.10,0.00,33.90,0.00,'10','01',2),(230,126,'NIU',1.000,'12345','Chip',38.14,45.00,6.86,0.00,38.14,0.00,'10','01',1),(231,126,'NIU',1.000,'12851','Chip',33.90,40.00,6.10,0.00,33.90,0.00,'10','01',2),(232,127,'NIU',1.000,'12345','Chip',38.14,45.00,6.86,0.00,38.14,0.00,'10','01',1),(233,127,'NIU',1.000,'12851','Chip',33.90,40.00,6.10,0.00,33.90,0.00,'10','01',2),(234,128,'NIU',1.000,'12345','Chip',38.14,45.00,6.86,0.00,38.14,0.00,'10','01',1),(235,128,'NIU',1.000,'12851','Chip',33.90,40.00,6.10,0.00,33.90,0.00,'10','01',2),(236,129,'NIU',1.000,'12345','Chip',38.14,45.00,6.86,0.00,38.14,0.00,'10','01',1),(237,129,'NIU',1.000,'12851','Chip',33.90,40.00,6.10,0.00,33.90,0.00,'10','01',2),(238,130,'NIU',1.000,'12345','Chip',38.14,45.00,6.86,0.00,38.14,0.00,'10','01',1),(239,130,'NIU',1.000,'12851','Chip',33.90,40.00,6.10,0.00,33.90,0.00,'10','01',2),(240,131,'NIU',1.000,'12345','Chip',38.14,45.00,6.86,0.00,38.14,0.00,'10','01',1),(241,131,'NIU',1.000,'12851','Chip',33.90,40.00,6.10,0.00,33.90,0.00,'10','01',2),(242,132,'NIU',1.000,'12345','Chip',38.14,45.00,6.86,0.00,38.14,0.00,'10','01',1),(243,132,'NIU',1.000,'12851','Chip',33.90,40.00,6.10,0.00,33.90,0.00,'10','01',2),(244,133,'NIU',1.000,'12345','Chip',38.14,45.00,6.86,0.00,38.14,0.00,'10','01',1),(245,133,'NIU',1.000,'12851','Chip',33.90,40.00,6.10,0.00,33.90,0.00,'10','01',2),(246,134,'NIU',1.000,'12345','Chip',38.14,45.00,6.86,0.00,38.14,0.00,'10','01',1),(247,134,'NIU',1.000,'12851','Chip',33.90,40.00,6.10,0.00,33.90,0.00,'10','01',2),(248,135,'NIU',1.000,'12345','Chip',38.14,45.00,6.86,0.00,38.14,0.00,'10','01',1),(249,135,'NIU',1.000,'12851','Chip',33.90,40.00,6.10,0.00,33.90,0.00,'10','01',2),(250,136,'NIU',1.000,'12345','Chip',38.14,45.00,6.86,0.00,38.14,0.00,'10','01',1),(251,136,'NIU',1.000,'12851','Chip',33.90,40.00,6.10,0.00,33.90,0.00,'10','01',2),(252,137,'NIU',1.000,'12345','Chip',38.14,45.00,6.86,0.00,38.14,0.00,'10','01',1),(253,137,'NIU',1.000,'12851','Chip',33.90,40.00,6.10,0.00,33.90,0.00,'10','01',2),(254,138,'NIU',1.000,'12345','Chip',38.14,45.00,6.86,0.00,38.14,0.00,'10','01',1),(255,138,'NIU',1.000,'12851','Chip',33.90,40.00,6.10,0.00,33.90,0.00,'10','01',2),(256,139,'NIU',1.000,'12345','Chip',38.14,45.00,6.86,0.00,38.14,0.00,'10','01',1),(257,139,'NIU',1.000,'12851','Chip',33.90,40.00,6.10,0.00,33.90,0.00,'10','01',2),(258,140,'NIU',1.000,'12345','Chip',38.14,45.00,6.86,0.00,38.14,0.00,'10','01',1),(259,140,'NIU',1.000,'12851','Chip',33.90,40.00,6.10,0.00,33.90,0.00,'10','01',2),(260,141,'NIU',1.000,'12345','Chip',38.14,45.00,6.86,0.00,38.14,0.00,'10','01',1),(261,141,'NIU',1.000,'12851','Chip',33.90,40.00,6.10,0.00,33.90,0.00,'10','01',2),(262,142,'NIU',1.000,'12345','Chip',38.14,45.00,6.86,0.00,38.14,0.00,'10','01',1),(263,142,'NIU',1.000,'12851','Chip',33.90,40.00,6.10,0.00,33.90,0.00,'10','01',2),(264,143,'NIU',1.000,'12345','Chip',38.14,45.00,6.86,0.00,38.14,0.00,'10','01',1),(265,143,'NIU',1.000,'12851','Chip',33.90,40.00,6.10,0.00,33.90,0.00,'10','01',2),(266,144,'NIU',1.000,'12345','Chip',38.14,45.00,6.86,0.00,38.14,0.00,'10','01',1),(267,144,'NIU',1.000,'12851','Chip',33.90,40.00,6.10,0.00,33.90,0.00,'10','01',2),(268,145,'NIU',1.000,'12345','Chip',38.14,45.00,6.86,0.00,38.14,0.00,'10','01',1),(269,145,'NIU',1.000,'12851','Chip',33.90,40.00,6.10,0.00,33.90,0.00,'10','01',2),(270,146,'NIU',1.000,'12345','Chip',38.14,45.00,6.86,0.00,38.14,0.00,'10','01',1),(271,146,'NIU',1.000,'12851','Chip',33.90,40.00,6.10,0.00,33.90,0.00,'10','01',2),(272,147,'NIU',1.000,'12345','Celular',100.00,118.00,18.00,0.00,100.00,0.00,'10','01',1),(273,147,'NIU',2.000,'12851','Celular',200.00,236.00,72.00,0.00,400.00,0.00,'10','01',2),(274,148,'NIU',1.000,'12345','Celular',100.00,118.00,18.00,0.00,100.00,0.00,'10','01',1),(275,148,'NIU',2.000,'12851','Celular',200.00,236.00,72.00,0.00,400.00,0.00,'10','01',2),(276,149,'NIU',1.000,'12345','Celular',100.00,118.00,18.00,0.00,100.00,0.00,'10','01',1),(277,149,'NIU',2.000,'12851','Celular',200.00,236.00,72.00,0.00,400.00,0.00,'10','01',2);
/*!40000 ALTER TABLE `comprobantedetalleelectronico` ENABLE KEYS */;
UNLOCK TABLES;

--
-- Table structure for table `comprobanteelectronico`
--

DROP TABLE IF EXISTS `comprobanteelectronico`;
/*!40101 SET @saved_cs_client     = @@character_set_client */;
/*!40101 SET character_set_client = utf8 */;
CREATE TABLE `comprobanteelectronico` (
  `id` int(11) NOT NULL AUTO_INCREMENT,
  `sucursalId` int(11) NOT NULL,
  `fechaEmision` date NOT NULL COMMENT 'Fecha de emisión',
  `tipoDocumento` varchar(2) NOT NULL COMMENT 'FACTURA, BOLETA, NOTA DE CREDITO, NOTA DE DEBITO',
  `codigoTipoDoc` varchar(2) DEFAULT NULL,
  `serie` varchar(4) NOT NULL,
  `correlativo` varchar(8) DEFAULT NULL,
  `tipoDocCliente` varchar(2) NOT NULL COMMENT 'DNI, RUC, PASAPORTE',
  `numeroDocCliente` varchar(11) NOT NULL,
  `razonSocialCliente` varchar(150) DEFAULT NULL,
  `direccionCliente` text,
  `totalVentaGravadas` decimal(12,2) DEFAULT NULL,
  `totalVentaInafectas` decimal(12,2) DEFAULT NULL,
  `totalVentaExoneradas` decimal(12,2) DEFAULT NULL,
  `totalVentaGratuitas` decimal(12,2) DEFAULT NULL,
  `sumatoriaIGV` decimal(12,2) DEFAULT NULL,
  `sumatoriaISC` decimal(12,2) DEFAULT NULL,
  `sumatoriaOtrosTributos` decimal(12,2) DEFAULT NULL,
  `sumatoriaOtrosCargos` decimal(12,2) DEFAULT NULL,
  `totalDescuentos` decimal(12,2) DEFAULT NULL,
  `detraccion` decimal(12,2) DEFAULT NULL,
  `percepcion` decimal(12,2) DEFAULT NULL,
  `retencion` decimal(12,2) DEFAULT NULL,
  `bonificacion` decimal(12,2) DEFAULT NULL,
  `importeTotal` decimal(12,2) NOT NULL,
  `descuentoGlobal` decimal(12,2) DEFAULT NULL,
  `tipoMoneda` varchar(3) NOT NULL,
  `motivoNota` text,
  `motivoBaja` text,
  `serieDocOrigen` varchar(4) DEFAULT NULL,
  `correlativoDocOrigen` varchar(8) DEFAULT NULL,
  `tipoDocOrigen` varchar(3) DEFAULT NULL,
  `estadoComprobante` varchar(45) DEFAULT NULL,
  `estadoSunat` varchar(45) DEFAULT NULL,
  `fechaCreacion` datetime NOT NULL,
  `fechaBaja` date DEFAULT NULL,
  `usuarioCrea` int(11) DEFAULT NULL,
  PRIMARY KEY (`id`),
  KEY `fk_comprobanteelectronico_sucursal1_idx` (`sucursalId`)
) ENGINE=InnoDB AUTO_INCREMENT=150 DEFAULT CHARSET=latin1 COMMENT='Consolidado de documentos de SUNAT\r\n\r\nFactura Electronica\r\nNota de Credito\r\nNota de Debito\r\nComunicacion de Baja';
/*!40101 SET character_set_client = @saved_cs_client */;

--
-- Dumping data for table `comprobanteelectronico`
--

LOCK TABLES `comprobanteelectronico` WRITE;
/*!40000 ALTER TABLE `comprobanteelectronico` DISABLE KEYS */;
INSERT INTO `comprobanteelectronico` VALUES (2,0,'2015-07-21','03','0','BC01','1','1','00078647','SOLEDAD ASUNCION CARRASCO PEREZ','AV. LOS TALLANES #235',1407.29,0.00,0.00,48.00,253.31,0.00,0.00,0.00,74.07,NULL,NULL,NULL,NULL,1660.60,NULL,'PEN',NULL,NULL,NULL,NULL,NULL,'Aprobado','Aceptado','2015-08-14 09:53:35',NULL,NULL),(5,0,'2015-07-21','07','07','F001','211','6','20587896411','SERVICABINAS S.A.',NULL,8305.08,0.00,0.00,NULL,1494.92,0.00,0.00,0.00,74.07,NULL,NULL,NULL,NULL,9799.99,NULL,'PEN','Unidades defectuosas, no leen CD que contengan archivos MP3',NULL,'F001','4355','01','Aprobado','Aceptado','2015-08-14 11:12:17',NULL,NULL),(7,0,'2015-07-07','01','0','F001','54','6','20505172459','SAFARI IMPORT S.A.C.','AV. TRINIDAD MORAN G-21 LEON XIII CAYMA-AREQUIPA',9100.06,0.00,0.00,0.00,1638.01,0.00,0.00,0.00,0.00,NULL,NULL,NULL,NULL,10738.07,NULL,'PEN',NULL,NULL,NULL,NULL,NULL,'Aprobado','Aceptado','2015-08-14 11:17:54',NULL,NULL),(8,0,'2015-07-21','08','02','F001','5','6','20587896411','SERVICABINAS S.A.',NULL,0.00,0.00,1250.00,NULL,0.00,0.00,0.00,0.00,0.00,NULL,NULL,NULL,NULL,1250.00,NULL,'PEN','Ampliación garantía de memoria DDR-3 B1333 Kingston',NULL,'F001','4526','01','Aprobado','Aceptado','2015-08-14 11:26:13',NULL,NULL),(9,0,'2015-08-15','01','0','F001','55','6','20505172459','SAFARI IMPORT S.A.C.','AV. TRINIDAD MORAN G-21 LEON XIII CAYMA-AREQUIPA',9100.06,0.00,0.00,0.00,1638.01,0.00,0.00,0.00,0.00,NULL,NULL,NULL,NULL,10738.07,NULL,'PEN',NULL,NULL,NULL,NULL,NULL,'Aprobado','Aceptado','2015-08-17 04:40:38',NULL,NULL),(64,1,'2016-11-13','01','0','F001','1234','6','20505172459','SAFARI IMPORT S.A.C.','AV. TRINIDAD MORAN G-21 LEON XIII CAYMA-AREQUIPA',19.00,0.00,0.00,0.00,5.22,0.00,0.00,0.00,0.00,NULL,NULL,NULL,NULL,24.22,NULL,'PEN',NULL,NULL,NULL,NULL,NULL,'Aprobado','Aceptado','2016-11-22 02:44:12',NULL,NULL),(65,1,'2016-11-13','01','0','F001','1234','6','20505172459','SAFARI IMPORT S.A.C.','AV. TRINIDAD MORAN G-21 LEON XIII CAYMA-AREQUIPA',19.00,0.00,0.00,0.00,5.22,0.00,0.00,0.00,0.00,NULL,NULL,NULL,NULL,24.22,NULL,'PEN',NULL,NULL,NULL,NULL,NULL,'Aprobado','Aceptado','2016-11-22 03:00:09',NULL,NULL),(66,1,'2016-11-13','01','0','F001','1234','6','20505172459','SAFARI IMPORT S.A.C.','AV. TRINIDAD MORAN G-21 LEON XIII CAYMA-AREQUIPA',19.00,0.00,0.00,0.00,5.22,0.00,0.00,0.00,0.00,NULL,NULL,NULL,NULL,24.22,NULL,'PEN',NULL,NULL,NULL,NULL,NULL,'Aprobado','Aceptado','2016-11-22 03:01:00',NULL,NULL),(67,1,'2016-11-13','01','0','F001','1234','6','20505172459','SAFARI IMPORT S.A.C.','AV. TRINIDAD MORAN G-21 LEON XIII CAYMA-AREQUIPA',19.00,0.00,0.00,0.00,5.22,0.00,0.00,0.00,0.00,NULL,NULL,NULL,NULL,24.22,NULL,'PEN',NULL,NULL,NULL,NULL,NULL,'Aprobado','Aceptado','2016-11-23 05:17:19',NULL,NULL),(68,1,'2016-11-26','01','0','F001','1234','6','20505172459','SAFARI IMPORT S.A.C.','AV. TRINIDAD MORAN G-21 LEON XIII CAYMA-AREQUIPA',19.00,0.00,0.00,0.00,5.22,0.00,0.00,0.00,0.00,NULL,NULL,NULL,NULL,24.22,NULL,'PEN',NULL,NULL,NULL,NULL,NULL,'Aprobado','Aceptado','2016-11-26 21:18:03',NULL,NULL),(72,1,'2016-11-26','01','0','F001','00000001','6','20505172459','SAFARI IMPORT S.A.C.','AV. TRINIDAD MORAN G-21 LEON XIII CAYMA-AREQUIPA',19.00,0.00,0.00,0.00,5.22,0.00,0.00,0.00,0.00,NULL,NULL,NULL,NULL,24.22,NULL,'PEN',NULL,NULL,NULL,NULL,NULL,'Aprobado','Aceptado','2016-11-27 03:11:54',NULL,NULL),(73,1,'2016-11-26','01','0','F001','00000001','6','20505172459','SAFARI IMPORT S.A.C.','AV. TRINIDAD MORAN G-21 LEON XIII CAYMA-AREQUIPA',19.00,0.00,0.00,0.00,5.22,0.00,0.00,0.00,0.00,0.00,0.00,0.00,0.00,24.22,NULL,'PEN',NULL,NULL,NULL,NULL,NULL,'Aprobado','Aceptado','2016-11-29 02:03:47',NULL,NULL),(74,1,'2016-11-26','01','0','F001','00000001','6','20505172459','SAFARI IMPORT S.A.C.','AV. TRINIDAD MORAN G-21 LEON XIII CAYMA-AREQUIPA',19.00,0.00,0.00,0.00,5.22,0.00,0.00,0.00,0.00,0.00,0.00,0.00,0.00,24.22,NULL,'PEN',NULL,NULL,NULL,NULL,NULL,'Aprobado','Aceptado','2016-12-03 20:06:42',NULL,NULL),(75,1,'2016-11-26','01','0','F001','00000001','6','20505172459','SAFARI IMPORT S.A.C.','AV. TRINIDAD MORAN G-21 LEON XIII CAYMA-AREQUIPA',19.00,0.00,0.00,0.00,5.22,0.00,0.00,0.00,0.00,0.00,0.00,0.00,0.00,24.22,NULL,'PEN',NULL,NULL,NULL,NULL,NULL,'Aprobado','Aceptado','2016-12-03 20:09:09',NULL,NULL),(76,1,'2016-11-26','01','0','F001','00000001','6','20505172459','SAFARI IMPORT S.A.C.','AV. TRINIDAD MORAN G-21 LEON XIII CAYMA-AREQUIPA',19.00,0.00,0.00,0.00,5.22,0.00,0.00,0.00,0.00,0.00,0.00,0.00,0.00,24.22,NULL,'PEN',NULL,NULL,NULL,NULL,NULL,'Aprobado','Aceptado','2016-12-03 20:12:40',NULL,NULL),(77,1,'2016-11-26','01','0','F001','00000001','6','20505172459','SAFARI IMPORT S.A.C.','AV. TRINIDAD MORAN G-21 LEON XIII CAYMA-AREQUIPA',19.00,0.00,0.00,0.00,5.22,0.00,0.00,0.00,0.00,0.00,0.00,0.00,0.00,24.22,NULL,'PEN',NULL,NULL,NULL,NULL,NULL,'Aprobado','Aceptado','2016-12-03 20:20:42',NULL,NULL),(78,1,'2016-11-26','01','0','F001','00000001','6','20505172459','SAFARI IMPORT S.A.C.','AV. TRINIDAD MORAN G-21 LEON XIII CAYMA-AREQUIPA',19.00,0.00,0.00,0.00,5.22,0.00,0.00,0.00,0.00,0.00,0.00,0.00,0.00,24.22,NULL,'PEN',NULL,NULL,NULL,NULL,NULL,'Aprobado','Aceptado','2016-12-03 20:21:24',NULL,NULL),(79,1,'2016-11-26','01','0','F001','00000001','6','20505172459','SAFARI IMPORT S.A.C.','AV. TRINIDAD MORAN G-21 LEON XIII CAYMA-AREQUIPA',19.00,0.00,0.00,0.00,5.22,0.00,0.00,0.00,0.00,0.00,0.00,0.00,0.00,24.22,NULL,'PEN',NULL,NULL,NULL,NULL,NULL,'Aprobado','Aceptado','2016-12-03 21:30:15',NULL,NULL),(80,1,'2016-11-26','01','0','F001','00000001','6','20505172459','SAFARI IMPORT S.A.C.','AV. TRINIDAD MORAN G-21 LEON XIII CAYMA-AREQUIPA',19.00,0.00,0.00,0.00,5.22,0.00,0.00,0.00,0.00,0.00,0.00,0.00,0.00,24.22,NULL,'PEN',NULL,NULL,NULL,NULL,NULL,'Aprobado','Aceptado','2016-12-03 21:31:46',NULL,NULL),(81,1,'2016-11-26','01','0','F001','00000001','6','20505172459','SAFARI IMPORT S.A.C.','AV. TRINIDAD MORAN G-21 LEON XIII CAYMA-AREQUIPA',19.00,0.00,0.00,0.00,5.22,0.00,0.00,0.00,0.00,0.00,0.00,0.00,0.00,24.22,NULL,'PEN',NULL,NULL,NULL,NULL,NULL,'Aprobado','Aceptado','2016-12-03 21:32:50',NULL,NULL),(82,1,'2016-11-26','01','0','F001','00000001','6','20505172459','SAFARI IMPORT S.A.C.','AV. TRINIDAD MORAN G-21 LEON XIII CAYMA-AREQUIPA',19.00,0.00,0.00,0.00,5.22,0.00,0.00,0.00,0.00,0.00,0.00,0.00,0.00,24.22,NULL,'PEN',NULL,NULL,NULL,NULL,NULL,'Aprobado','Aceptado','2016-12-03 21:35:42',NULL,NULL),(83,1,'2016-11-26','01','0','F001','00000001','6','20505172459','SAFARI IMPORT S.A.C.','AV. TRINIDAD MORAN G-21 LEON XIII CAYMA-AREQUIPA',19.00,0.00,0.00,0.00,5.22,0.00,0.00,0.00,0.00,0.00,0.00,0.00,0.00,24.22,NULL,'PEN',NULL,NULL,NULL,NULL,NULL,'Aprobado','Aceptado','2016-12-08 16:21:32',NULL,NULL),(84,1,'2016-11-26','01','0','F001','00000001','6','20505172459','SAFARI IMPORT S.A.C.','AV. TRINIDAD MORAN G-21 LEON XIII CAYMA-AREQUIPA',19.00,0.00,0.00,0.00,5.22,0.00,0.00,0.00,0.00,0.00,0.00,0.00,0.00,24.22,NULL,'PEN',NULL,NULL,NULL,NULL,NULL,'Aprobado','Aceptado','2016-12-08 16:26:44',NULL,NULL),(85,1,'2016-11-26','01','0','F001','00000001','6','20505172459','SAFARI IMPORT S.A.C.','AV. TRINIDAD MORAN G-21 LEON XIII CAYMA-AREQUIPA',19.00,0.00,0.00,0.00,5.22,0.00,0.00,0.00,0.00,0.00,0.00,0.00,0.00,24.22,NULL,'PEN',NULL,NULL,NULL,NULL,NULL,'Aprobado','Aceptado','2016-12-08 16:29:49',NULL,NULL),(86,1,'2016-11-26','01','0','F001','00000001','6','20505172459','SAFARI IMPORT S.A.C.','AV. TRINIDAD MORAN G-21 LEON XIII CAYMA-AREQUIPA',19.00,0.00,0.00,0.00,5.22,0.00,0.00,0.00,0.00,0.00,0.00,0.00,0.00,24.22,NULL,'PEN',NULL,NULL,NULL,NULL,NULL,'Aprobado','Aceptado','2016-12-08 16:36:46',NULL,NULL),(87,1,'2016-11-26','01','0','F001','00000001','6','20505172459','SAFARI IMPORT S.A.C.','AV. TRINIDAD MORAN G-21 LEON XIII CAYMA-AREQUIPA',19.00,0.00,0.00,0.00,5.22,0.00,0.00,0.00,0.00,0.00,0.00,0.00,0.00,24.22,NULL,'PEN',NULL,NULL,NULL,NULL,NULL,'Aprobado','Aceptado','2016-12-08 16:37:42',NULL,NULL),(88,1,'2016-11-26','01','0','F001','00000001','6','20505172459','SAFARI IMPORT S.A.C.','AV. TRINIDAD MORAN G-21 LEON XIII CAYMA-AREQUIPA',19.00,0.00,0.00,0.00,5.22,0.00,0.00,0.00,0.00,0.00,0.00,0.00,0.00,24.22,NULL,'PEN',NULL,NULL,NULL,NULL,NULL,'Aprobado','Aceptado','2016-12-08 16:42:07',NULL,NULL),(89,1,'2016-11-26','01','0','F001','00000001','6','20505172459','SAFARI IMPORT S.A.C.','AV. TRINIDAD MORAN G-21 LEON XIII CAYMA-AREQUIPA',19.00,0.00,0.00,0.00,5.22,0.00,0.00,0.00,0.00,0.00,0.00,0.00,0.00,24.22,NULL,'PEN',NULL,NULL,NULL,NULL,NULL,'Aprobado','Aceptado','2016-12-08 16:42:58',NULL,NULL),(90,1,'2016-11-26','01','0','F001','00000001','6','20505172459','SAFARI IMPORT S.A.C.','AV. TRINIDAD MORAN G-21 LEON XIII CAYMA-AREQUIPA',19.00,0.00,0.00,0.00,5.22,0.00,0.00,0.00,0.00,0.00,0.00,0.00,0.00,24.22,NULL,'PEN',NULL,NULL,NULL,NULL,NULL,'Aprobado','Aceptado','2016-12-08 16:43:46',NULL,NULL),(91,1,'2016-11-26','01','0','F001','00000001','6','20505172459','SAFARI IMPORT S.A.C.','AV. TRINIDAD MORAN G-21 LEON XIII CAYMA-AREQUIPA',19.00,0.00,0.00,0.00,5.22,0.00,0.00,0.00,0.00,0.00,0.00,0.00,0.00,24.22,NULL,'PEN',NULL,NULL,NULL,NULL,NULL,'Aprobado','Aceptado','2016-12-08 16:47:54',NULL,NULL),(92,1,'2016-11-26','01','0','F001','00000001','6','20505172459','SAFARI IMPORT S.A.C.','AV. TRINIDAD MORAN G-21 LEON XIII CAYMA-AREQUIPA',19.00,0.00,0.00,0.00,5.22,0.00,0.00,0.00,0.00,0.00,0.00,0.00,0.00,24.22,NULL,'PEN',NULL,NULL,NULL,NULL,NULL,'Aprobado','Aceptado','2016-12-08 16:53:24',NULL,NULL),(93,1,'2016-11-26','01','0','F001','00000001','6','20505172459','SAFARI IMPORT S.A.C.','AV. TRINIDAD MORAN G-21 LEON XIII CAYMA-AREQUIPA',19.00,0.00,0.00,0.00,5.22,0.00,0.00,0.00,0.00,0.00,0.00,0.00,0.00,24.22,NULL,'PEN',NULL,NULL,NULL,NULL,NULL,'Aprobado','Aceptado','2016-12-08 16:54:29',NULL,NULL),(94,1,'2016-11-26','01','0','F001','00000001','6','20505172459','SAFARI IMPORT S.A.C.','AV. TRINIDAD MORAN G-21 LEON XIII CAYMA-AREQUIPA',19.00,0.00,0.00,0.00,5.22,0.00,0.00,0.00,0.00,0.00,0.00,0.00,0.00,24.22,NULL,'PEN',NULL,NULL,NULL,NULL,NULL,'Aprobado','Aceptado','2016-12-08 16:56:04',NULL,NULL),(95,1,'2016-11-26','01','0','F001','00000001','6','20505172459','SAFARI IMPORT S.A.C.','AV. TRINIDAD MORAN G-21 LEON XIII CAYMA-AREQUIPA',19.00,0.00,0.00,0.00,5.22,0.00,0.00,0.00,0.00,0.00,0.00,0.00,0.00,24.22,NULL,'PEN',NULL,NULL,NULL,NULL,NULL,'Aprobado','Aceptado','2016-12-08 17:10:02',NULL,NULL),(96,1,'2016-11-26','01','0','F001','00000001','6','20505172459','SAFARI IMPORT S.A.C.','AV. TRINIDAD MORAN G-21 LEON XIII CAYMA-AREQUIPA',19.00,0.00,0.00,0.00,5.22,0.00,0.00,0.00,0.00,0.00,0.00,0.00,0.00,24.22,NULL,'PEN',NULL,NULL,NULL,NULL,NULL,'Aprobado','Aceptado','2016-12-08 17:13:03',NULL,NULL),(97,1,'2016-11-26','01','0','F001','00000001','6','20505172459','SAFARI IMPORT S.A.C.','AV. TRINIDAD MORAN G-21 LEON XIII CAYMA-AREQUIPA',19.00,0.00,0.00,0.00,5.22,0.00,0.00,0.00,0.00,0.00,0.00,0.00,0.00,24.22,NULL,'PEN',NULL,NULL,NULL,NULL,NULL,'Aprobado','Aceptado','2016-12-08 17:16:56',NULL,NULL),(98,1,'2016-11-26','01','0','F001','00000001','6','20505172459','SAFARI IMPORT S.A.C.','AV. TRINIDAD MORAN G-21 LEON XIII CAYMA-AREQUIPA',19.00,0.00,0.00,0.00,5.22,0.00,0.00,0.00,0.00,0.00,0.00,0.00,0.00,24.22,NULL,'PEN',NULL,NULL,NULL,NULL,NULL,'Aprobado','Aceptado','2016-12-08 18:57:09',NULL,NULL),(99,1,'2016-11-26','01','0','F001','00000001','6','20505172459','SAFARI IMPORT S.A.C.','AV. TRINIDAD MORAN G-21 LEON XIII CAYMA-AREQUIPA',19.00,0.00,0.00,0.00,5.22,0.00,0.00,0.00,0.00,0.00,0.00,0.00,0.00,24.22,NULL,'PEN',NULL,NULL,NULL,NULL,NULL,'Aprobado','Aceptado','2016-12-08 18:57:51',NULL,NULL),(100,1,'2016-11-26','01','0','F001','00000001','6','20505172459','SAFARI IMPORT S.A.C.','AV. TRINIDAD MORAN G-21 LEON XIII CAYMA-AREQUIPA',19.00,0.00,0.00,0.00,5.22,0.00,0.00,0.00,0.00,0.00,0.00,0.00,0.00,24.22,NULL,'PEN',NULL,NULL,NULL,NULL,NULL,'Aprobado','Aceptado','2016-12-08 19:27:49',NULL,NULL),(101,1,'2016-11-26','01','0','FF11','00000015','6','20505172459','SAFARI IMPORT S.A.C.','AV. TRINIDAD MORAN G-21 LEON XIII CAYMA-AREQUIPA',19.00,0.00,0.00,0.00,5.22,0.00,0.00,0.00,0.00,0.00,0.00,0.00,0.00,24.22,NULL,'PEN',NULL,NULL,NULL,NULL,NULL,'Aprobado','Aceptado','2016-12-08 20:36:30',NULL,NULL),(102,1,'2016-11-26','01','0','FF11','00000015','6','20505172459','SAFARI IMPORT S.A.C.','AV. TRINIDAD MORAN G-21 LEON XIII CAYMA-AREQUIPA',19.00,0.00,0.00,0.00,5.22,0.00,0.00,0.00,0.00,0.00,0.00,0.00,0.00,24.22,NULL,'PEN',NULL,NULL,NULL,NULL,NULL,'Aprobado','Aceptado','2016-12-08 20:42:50',NULL,NULL),(103,1,'2016-11-26','01','0','FF11','00000025','6','20505172459','SAFARI IMPORT S.A.C.','AV. TRINIDAD MORAN G-21 LEON XIII CAYMA-AREQUIPA',19.00,0.00,0.00,0.00,5.22,0.00,0.00,0.00,0.00,0.00,0.00,0.00,0.00,24.22,NULL,'PEN',NULL,NULL,NULL,NULL,NULL,'Aprobado','Aceptado','2016-12-08 20:43:22',NULL,NULL),(104,1,'2016-11-26','01','0','FF11','00000028','6','20529103663','FRENOS Y AUTOSERVICIOS HERMANOS FALCON S.R.L.','AV. TRINIDAD MORAN G-21 LEON XIII CAYMA-AREQUIPA',19.00,0.00,0.00,0.00,5.22,0.00,0.00,0.00,0.00,0.00,0.00,0.00,0.00,24.22,NULL,'PEN',NULL,NULL,NULL,NULL,NULL,'Aprobado','Aceptado','2016-12-08 20:53:22',NULL,NULL),(105,1,'2016-11-26','01','0','FF11','00000028','6','20529103663','FRENOS Y AUTOSERVICIOS HERMANOS FALCON S.R.L.','AV. TRINIDAD MORAN G-21 LEON XIII CAYMA-AREQUIPA',19.00,0.00,0.00,0.00,5.22,0.00,0.00,0.00,0.00,0.00,0.00,0.00,0.00,24.22,NULL,'PEN',NULL,NULL,NULL,NULL,NULL,'Aprobado','Aceptado','2016-12-08 22:34:09',NULL,NULL),(106,1,'2016-11-26','01','0','FF14','00000028','6','20537497981','ELIAS JURADO JOSE FERNANDO  JOSE FERNANDO ELIAS JURADO E.I.R.L.','CAL. LOS PARACAS CA CLAVERO, MANUEL 2080 C-36',500.00,0.00,0.00,0.00,90.00,0.00,0.00,0.00,59.00,0.00,0.00,0.00,0.00,531.00,NULL,'PEN',NULL,NULL,NULL,NULL,NULL,'Aprobado','Aceptado','2016-12-09 01:22:36',NULL,NULL),(107,1,'2016-11-26','01','0','FF14','00000028','6','20537497981','ELIAS JURADO JOSE FERNANDO  JOSE FERNANDO ELIAS JURADO E.I.R.L.','CAL. LOS PARACAS CA CLAVERO, MANUEL 2080 C-36',500.00,0.00,0.00,0.00,90.00,0.00,0.00,0.00,0.00,0.00,0.00,0.00,0.00,531.00,59.00,'PEN',NULL,NULL,NULL,NULL,NULL,'Aprobado','Aceptado','2016-12-09 05:01:34',NULL,NULL),(108,1,'2016-11-26','01','0','FF14','00000028','6','20537497981','ELIAS JURADO JOSE FERNANDO  JOSE FERNANDO ELIAS JURADO E.I.R.L.','CAL. LOS PARACAS CA CLAVERO, MANUEL 2080 C-36',500.00,0.00,0.00,0.00,90.00,0.00,0.00,0.00,0.00,0.00,0.00,0.00,0.00,531.00,59.00,'PEN',NULL,NULL,NULL,NULL,NULL,'Aprobado','Aceptado','2016-12-09 05:05:30',NULL,NULL),(109,1,'2016-11-26','01','0','FF14','00000029','6','20537497981','ELIAS JURADO JOSE FERNANDO  JOSE FERNANDO ELIAS JURADO E.I.R.L.','CAL. LOS PARACAS CA CLAVERO, MANUEL 2080 C-36',500.00,0.00,0.00,0.00,90.00,0.00,0.00,0.00,0.00,0.00,0.00,0.00,0.00,531.00,59.00,'PEN',NULL,NULL,NULL,NULL,NULL,'Aprobado','Aceptado','2016-12-09 05:05:53',NULL,NULL),(110,1,'2016-11-26','01','0','FF14','00000030','6','20563883899','PONCECA ANCA JUAN CARLOS PONCECA GROUP SAC','AV.SANTA CRUZ NRO.610',500.00,0.00,0.00,0.00,90.00,0.00,0.00,0.00,0.00,0.00,0.00,0.00,0.00,540.00,50.00,'PEN',NULL,NULL,NULL,NULL,NULL,'Aprobado','Aceptado','2016-12-09 05:09:50',NULL,NULL),(111,1,'2016-11-26','01','0','FF14','00000031','6','20563883899','PONCECA ANCA JUAN CARLOS PONCECA GROUP SAC','AV.SANTA CRUZ NRO.610',450.00,0.00,0.00,0.00,90.00,0.00,0.00,0.00,0.00,0.00,0.00,0.00,0.00,540.00,50.00,'PEN',NULL,NULL,NULL,NULL,NULL,'Aprobado','Aceptado','2016-12-09 05:14:13',NULL,NULL),(112,1,'2016-11-26','01','0','FF14','00000032','6','20563883899','PONCECA ANCA JUAN CARLOS PONCECA GROUP SAC','AV.SANTA CRUZ NRO.610',450.00,0.00,0.00,0.00,81.00,0.00,0.00,0.00,0.00,0.00,0.00,0.00,0.00,531.00,50.00,'PEN',NULL,NULL,NULL,NULL,NULL,'Aprobado','Aceptado','2016-12-09 05:25:27',NULL,NULL),(113,1,'2016-11-26','07','01','FF14','00000032','6','20563883899','PONCECA ANCA JUAN CARLOS PONCECA GROUP SAC','AV.SANTA CRUZ NRO.610',450.00,0.00,0.00,0.00,81.00,0.00,0.00,0.00,0.00,0.00,0.00,0.00,0.00,531.00,50.00,'PEN','no se entrego el producto',NULL,'FF14','12','01','Aprobado','Aceptado','2016-12-14 03:57:49',NULL,NULL),(114,1,'2016-11-26','07','01','FF14','00000032','6','20563883899','PONCECA ANCA JUAN CARLOS PONCECA GROUP SAC','AV.SANTA CRUZ NRO.610',450.00,0.00,0.00,0.00,81.00,0.00,0.00,0.00,0.00,0.00,0.00,0.00,0.00,531.00,50.00,'PEN','no se entrego el producto',NULL,'FF14','12','01','Aprobado','Aceptado','2016-12-14 04:00:22',NULL,NULL),(115,1,'2016-11-26','07','01','FF14','00000032','6','20563883899','PONCECA ANCA JUAN CARLOS PONCECA GROUP SAC','AV.SANTA CRUZ NRO.610',450.00,0.00,0.00,0.00,81.00,0.00,0.00,0.00,0.00,0.00,0.00,0.00,0.00,531.00,50.00,'PEN','no se entrego el producto',NULL,'FF14','12','01','Aprobado','Aceptado','2016-12-14 04:01:17',NULL,NULL),(116,1,'2016-11-26','07','01','FF14','00000032','6','20563883899','PONCECA ANCA JUAN CARLOS PONCECA GROUP SAC','AV.SANTA CRUZ NRO.610',450.00,0.00,0.00,0.00,81.00,0.00,0.00,0.00,0.00,0.00,0.00,0.00,0.00,531.00,50.00,'PEN','no se entrego el producto',NULL,'FF14','12','01','Aprobado','Aceptado','2016-12-14 04:02:37',NULL,NULL),(117,1,'2016-11-26','07','01','FF14','00000032','6','20563883899','PONCECA ANCA JUAN CARLOS PONCECA GROUP SAC','AV.SANTA CRUZ NRO.610',450.00,0.00,0.00,0.00,81.00,0.00,0.00,0.00,0.00,0.00,0.00,0.00,0.00,531.00,50.00,'PEN','no se entrego el producto',NULL,'FF14','12','01','Aprobado','Aceptado','2016-12-14 04:05:01',NULL,NULL),(118,1,'2016-11-26','07','01','FF14','00000032','6','20563883899','PONCECA ANCA JUAN CARLOS PONCECA GROUP SAC','AV.SANTA CRUZ NRO.610',450.00,0.00,0.00,0.00,81.00,0.00,0.00,0.00,0.00,0.00,0.00,0.00,0.00,531.00,50.00,'PEN','no se entrego el producto',NULL,'FF14','12','01','Aprobado','Aceptado','2016-12-14 04:06:18',NULL,NULL),(119,1,'2016-11-26','07','01','FF14','00000032','6','20563883899','PONCECA ANCA JUAN CARLOS PONCECA GROUP SAC','AV.SANTA CRUZ NRO.610',450.00,0.00,0.00,0.00,81.00,0.00,0.00,0.00,0.00,0.00,0.00,0.00,0.00,531.00,50.00,'PEN','no se entrego el producto',NULL,'FF14','12','01','Aprobado','Aceptado','2016-12-14 04:07:03',NULL,NULL),(120,1,'2016-11-26','08','01','FF14','00000028','6','20563883899','PONCECA ANCA JUAN CARLOS PONCECA GROUP SAC','AV.SANTA CRUZ NRO.610',450.00,0.00,0.00,0.00,81.00,0.00,0.00,0.00,0.00,0.00,0.00,0.00,0.00,531.00,50.00,'PEN','no se entrego el producto',NULL,'FF14','12','01','Aprobado','Aceptado','2016-12-15 03:51:43',NULL,NULL),(121,1,'2016-11-26','08','01','FF14','00000028','6','20563883899','PONCECA ANCA JUAN CARLOS PONCECA GROUP SAC','AV.SANTA CRUZ NRO.610',450.00,0.00,0.00,0.00,81.00,0.00,0.00,0.00,0.00,0.00,0.00,0.00,0.00,531.00,50.00,'PEN','no se entrego el producto',NULL,'FF14','12','01','Aprobado','Aceptado','2016-12-15 03:58:58',NULL,NULL),(122,1,'2016-11-26','08','01','FF14','00000028','6','20563883899','PONCECA ANCA JUAN CARLOS PONCECA GROUP SAC','AV.SANTA CRUZ NRO.610',450.00,0.00,0.00,0.00,81.00,0.00,0.00,0.00,0.00,0.00,0.00,0.00,0.00,531.00,50.00,'PEN','no se entrego el producto',NULL,'FF14','12','01','Aprobado','Aceptado','2016-12-15 03:59:24',NULL,NULL),(123,1,'2016-11-26','08','01','FF14','00000028','6','20563883899','PONCECA ANCA JUAN CARLOS PONCECA GROUP SAC','AV.SANTA CRUZ NRO.610',450.00,0.00,0.00,0.00,81.00,0.00,0.00,0.00,0.00,0.00,0.00,0.00,0.00,531.00,50.00,'PEN','no se entrego el producto',NULL,'FF14','12','01','Aprobado','Aceptado','2016-12-15 04:16:49',NULL,NULL),(124,1,'2016-11-26','08','01','FF14','00000099','6','20563883899','PONCECA ANCA JUAN CARLOS PONCECA GROUP SAC','AV.SANTA CRUZ NRO.610',450.00,0.00,0.00,0.00,81.00,0.00,0.00,0.00,0.00,0.00,0.00,0.00,0.00,531.00,50.00,'PEN','no se entrego el producto',NULL,'FF14','12','01','Aprobado','Aceptado','2016-12-15 04:28:35',NULL,NULL),(125,1,'2016-11-26','08','01','FF14','00000099','6','20563883899','PONCECA ANCA JUAN CARLOS PONCECA GROUP SAC','AV.SANTA CRUZ NRO.610',72.03,0.00,0.00,0.00,12.97,0.00,0.00,0.00,0.00,0.00,0.00,0.00,0.00,85.00,0.00,'PEN','no se entrego el producto',NULL,'FF11','8','01','Aprobado','Aceptado','2016-12-15 04:36:17',NULL,NULL),(126,1,'2016-11-26','08','01','FF14','00000099','6','20563883899','PONCECA ANCA JUAN CARLOS PONCECA GROUP SAC','AV.SANTA CRUZ NRO.610',72.03,0.00,0.00,0.00,12.97,0.00,0.00,0.00,0.00,0.00,0.00,0.00,0.00,85.00,0.00,'PEN','no se entrego el producto',NULL,'FF11','8','01','Aprobado','Aceptado','2016-12-15 04:39:08',NULL,NULL),(127,1,'2016-11-26','08','01','FF14','00000099','6','20563883899','PONCECA ANCA JUAN CARLOS PONCECA GROUP SAC','AV.SANTA CRUZ NRO.610',72.03,0.00,0.00,0.00,12.97,0.00,0.00,0.00,0.00,0.00,0.00,0.00,0.00,85.00,0.00,'PEN','no se entrego el producto',NULL,'FF11','8','01','Aprobado','Aceptado','2016-12-15 04:40:48',NULL,NULL),(128,1,'2016-11-26','08','01','FF11','00000011','6','20563883899','PONCECA ANCA JUAN CARLOS PONCECA GROUP SAC','AV.SANTA CRUZ NRO.610',72.03,0.00,0.00,0.00,12.97,0.00,0.00,0.00,0.00,0.00,0.00,0.00,0.00,85.00,0.00,'PEN','no se entrego el producto',NULL,'FF11','8','01','Aprobado','Aceptado','2016-12-15 04:45:32',NULL,NULL),(129,1,'2016-11-26','08','01','FF11','00000011','6','20563883899','PONCECA ANCA JUAN CARLOS PONCECA GROUP SAC','AV.SANTA CRUZ NRO.610',72.03,0.00,0.00,0.00,12.97,0.00,0.00,0.00,0.00,0.00,0.00,0.00,0.00,85.00,0.00,'PEN','no se entrego el producto',NULL,'FF11','8','01','Aprobado','Aceptado','2016-12-15 04:48:41',NULL,NULL),(130,1,'2016-11-26','08','01','FF11','00000011','6','20563883899','PONCECA ANCA JUAN CARLOS PONCECA GROUP SAC','AV.SANTA CRUZ NRO.610',72.03,0.00,0.00,0.00,12.97,0.00,0.00,0.00,0.00,0.00,0.00,0.00,0.00,85.00,0.00,'PEN','no se entrego el producto',NULL,'FF11','8','01','Aprobado','Aceptado','2016-12-15 04:59:07',NULL,NULL),(131,1,'2016-11-26','08','01','FF11','00000011','6','20563883899','PONCECA ANCA JUAN CARLOS PONCECA GROUP SAC','AV.SANTA CRUZ NRO.610',72.03,0.00,0.00,0.00,52.97,0.00,0.00,0.00,0.00,0.00,0.00,0.00,0.00,85.00,0.00,'PEN','no se entrego el producto',NULL,'FF11','8','01','Aprobado','Aceptado','2016-12-15 05:04:16',NULL,NULL),(132,4,'2016-11-26','08','01','FF11','00000011','6','20563883899','PONCECA ANCA JUAN CARLOS PONCECA GROUP SAC','AV.SANTA CRUZ NRO.610',72.03,0.00,0.00,0.00,12.97,0.00,0.00,0.00,0.00,0.00,0.00,0.00,0.00,85.00,0.00,'PEN','no se entrego el producto',NULL,'FF11','8','01','Aprobado','Aceptado','2016-12-15 05:04:34',NULL,NULL),(133,4,'2016-11-26','08','01','FF11','00000011','6','20563883899','PONCECA ANCA JUAN CARLOS PONCECA GROUP SAC','AV.SANTA CRUZ NRO.610',72.03,0.00,0.00,0.00,12.97,0.00,0.00,0.00,0.00,0.00,0.00,0.00,0.00,85.00,0.00,'PEN','no se entrego el producto',NULL,'FF11','8','01','Aprobado','Aceptado','2016-12-15 05:10:44',NULL,NULL),(134,4,'2016-11-26','08','01','FF11','00000011','6','20563883899','PONCECA ANCA JUAN CARLOS PONCECA GROUP SAC','AV.SANTA CRUZ NRO.610',72.03,0.00,0.00,0.00,12.97,0.00,0.00,0.00,0.00,0.00,0.00,0.00,0.00,85.00,0.00,'PEN','no se entrego el producto',NULL,'FF11','8','01','Aprobado','Aceptado','2016-12-15 05:11:17',NULL,NULL),(135,4,'2016-11-26','08','01','FF11','00000011','6','20563883899','PONCECA ANCA JUAN CARLOS PONCECA GROUP SAC','AV.SANTA CRUZ NRO.610',72.03,0.00,0.00,0.00,12.97,0.00,0.00,0.00,0.00,0.00,0.00,0.00,0.00,85.00,0.00,'PEN','no se entrego el producto',NULL,'FF11','8','01','Aprobado','Aceptado','2016-12-15 05:12:30',NULL,NULL),(136,4,'2016-11-26','08','02','FF11','00000011','6','20563883899','PONCECA ANCA JUAN CARLOS PONCECA GROUP SAC','AV.SANTA CRUZ NRO.610',72.03,0.00,0.00,0.00,12.97,0.00,0.00,0.00,0.00,0.00,0.00,0.00,0.00,85.00,0.00,'PEN','no se entrego el producto',NULL,'FF11','8','01','Aprobado','Aceptado','2016-12-15 05:15:07',NULL,NULL),(137,4,'2016-11-26','08','02','FF11','00000011','6','20563883899','PONCECA ANCA JUAN CARLOS PONCECA GROUP SAC','AV.SANTA CRUZ NRO.610',72.03,0.00,0.00,0.00,12.97,0.00,0.00,0.00,0.00,0.00,0.00,0.00,0.00,85.00,0.00,'PEN','no se entrego el producto',NULL,'FF11','00000008','01','Aprobado','Aceptado','2016-12-15 05:23:49',NULL,NULL),(138,4,'2016-11-26','08','02','FF11','00000011','6','20563883899','PONCECA ANCA JUAN CARLOS PONCECA GROUP SAC','AV.SANTA CRUZ NRO.610',72.03,0.00,0.00,0.00,12.97,0.00,0.00,0.00,0.00,0.00,0.00,0.00,0.00,85.00,0.00,'PEN','no se entrego el producto',NULL,'FF11','00000008','01','Aprobado','Aceptado','2016-12-15 05:29:44',NULL,NULL),(139,4,'2016-11-26','08','02','FF11','00000019','6','20563883899','PONCECA ANCA JUAN CARLOS PONCECA GROUP SAC','AV.SANTA CRUZ NRO.610',72.03,0.00,0.00,0.00,12.97,0.00,0.00,0.00,0.00,0.00,0.00,0.00,0.00,85.00,0.00,'PEN','no se entrego el producto',NULL,'FF11','00000008','01','Aprobado','Aceptado','2016-12-15 05:42:20',NULL,NULL),(140,4,'2016-11-26','08','02','FF11','00000020','6','20563883899','PONCECA ANCA JUAN CARLOS PONCECA GROUP SAC','AV.SANTA CRUZ NRO.610',72.03,0.00,0.00,0.00,12.97,0.00,0.00,0.00,0.00,0.00,0.00,0.00,0.00,85.00,0.00,'PEN','no se entrego el producto',NULL,'FF11','00000008','01','Aprobado','Aceptado','2016-12-15 05:54:06',NULL,NULL),(141,4,'2016-11-26','08','02','FF11','00000010','6','20563883899','PONCECA ANCA JUAN CARLOS PONCECA GROUP SAC','AV.SANTA CRUZ NRO.610',72.03,0.00,0.00,0.00,12.97,0.00,0.00,0.00,0.00,0.00,0.00,0.00,0.00,85.00,0.00,'PEN','no se entrego el producto',NULL,'FF11','00000008','01','Aprobado','Aceptado','2016-12-15 06:06:46',NULL,NULL),(142,4,'2016-11-26','08','02','FF11','00000010','6','20563883899','PONCECA ANCA JUAN CARLOS PONCECA GROUP SAC','AV.SANTA CRUZ NRO.610',72.03,0.00,0.00,0.00,12.97,0.00,0.00,0.00,0.00,0.00,0.00,0.00,0.00,85.00,0.00,'PEN','no se entrego el producto',NULL,'FF11','00000008','01','Aprobado','Aceptado','2016-12-15 06:08:56',NULL,NULL),(143,4,'2016-11-26','08','02','FF11','00000010','6','20563883899','PONCECA ANCA JUAN CARLOS PONCECA GROUP SAC','AV.SANTA CRUZ NRO.610',72.03,0.00,0.00,0.00,12.97,0.00,0.00,0.00,0.00,0.00,0.00,0.00,0.00,85.00,0.00,'PEN','no se entrego el producto',NULL,'FF11','00000008','01','Aprobado','Aceptado','2016-12-15 06:09:45',NULL,NULL),(144,4,'2016-11-26','08','02','FF11','00000015','6','20563883899','PONCECA ANCA JUAN CARLOS PONCECA GROUP SAC','AV.SANTA CRUZ NRO.610',72.03,0.00,0.00,0.00,12.97,0.00,0.00,0.00,0.00,0.00,0.00,0.00,0.00,85.00,0.00,'PEN','no se entrego el producto',NULL,'FF11','00000008','01','Aprobado','Aceptado','2016-12-15 06:10:02',NULL,NULL),(145,4,'2016-11-26','08','02','FF11','00000025','6','20563883899','PONCECA ANCA JUAN CARLOS PONCECA GROUP SAC','AV.SANTA CRUZ NRO.610',72.03,0.00,0.00,0.00,12.97,0.00,0.00,0.00,0.00,0.00,0.00,0.00,0.00,85.00,0.00,'PEN','no se entrego el producto',NULL,'FF11','00000008','01','Aprobado','Aceptado','2016-12-15 06:10:45',NULL,NULL),(146,4,'2016-11-26','08','02','FF11','00000026','6','20563883899','PONCECA ANCA JUAN CARLOS PONCECA GROUP SAC','AV.SANTA CRUZ NRO.610',72.03,0.00,0.00,0.00,12.97,0.00,0.00,0.00,0.00,0.00,0.00,0.00,0.00,85.00,0.00,'PEN','no se entrego el producto',NULL,'FF11','00000008','01','Aprobado','Aceptado','2016-12-15 06:12:10',NULL,NULL),(147,1,'2016-11-26','01','0','FF14','00000032','6','20563883899','PONCECA ANCA JUAN CARLOS PONCECA GROUP SAC','AV.SANTA CRUZ NRO.610',450.00,0.00,0.00,0.00,81.00,0.00,0.00,0.00,0.00,0.00,0.00,0.00,0.00,531.00,50.00,'PEN',NULL,NULL,NULL,NULL,NULL,'Aprobado','Aceptado','2016-12-17 15:37:23',NULL,NULL),(148,1,'2016-11-26','01','0','FF14','00000032','6','20563883899','PONCECA ANCA JUAN CARLOS PONCECA GROUP SAC','AV.SANTA CRUZ NRO.610',450.00,0.00,0.00,0.00,81.00,0.00,0.00,0.00,0.00,0.00,0.00,0.00,0.00,531.00,50.00,'PEN',NULL,NULL,NULL,NULL,NULL,'Aprobado','Aceptado','2016-12-17 15:39:33',NULL,NULL),(149,1,'2016-11-26','01','0','FF14','00000032','6','20563883899','PONCECA ANCA JUAN CARLOS PONCECA GROUP SAC','AV.SANTA CRUZ NRO.610',450.00,0.00,0.00,0.00,81.00,0.00,0.00,0.00,0.00,0.00,0.00,0.00,0.00,531.00,50.00,'PEN',NULL,NULL,NULL,NULL,NULL,'Aprobado','Aceptado','2016-12-20 08:28:42',NULL,NULL);
/*!40000 ALTER TABLE `comprobanteelectronico` ENABLE KEYS */;
UNLOCK TABLES;

--
-- Table structure for table `documentobaja`
--

DROP TABLE IF EXISTS `documentobaja`;
/*!40101 SET @saved_cs_client     = @@character_set_client */;
/*!40101 SET character_set_client = utf8 */;
CREATE TABLE `documentobaja` (
  `documentoBajaId` int(11) NOT NULL AUTO_INCREMENT,
  `codigoIdentificador` varchar(17) COLLATE utf8_spanish_ci DEFAULT NULL,
  `sucursalId` int(11) DEFAULT NULL,
  `fechaEmision` date DEFAULT NULL,
  `fechaDocumentoBaja` date DEFAULT NULL,
  `fechaCreacion` date DEFAULT NULL,
  `ticketSunat` varchar(45) COLLATE utf8_spanish_ci DEFAULT NULL,
  `estadoSunat` varchar(45) COLLATE utf8_spanish_ci DEFAULT NULL,
  `usuarioCrea` int(11) DEFAULT NULL,
  PRIMARY KEY (`documentoBajaId`)
) ENGINE=InnoDB DEFAULT CHARSET=utf8 COLLATE=utf8_spanish_ci;
/*!40101 SET character_set_client = @saved_cs_client */;

--
-- Dumping data for table `documentobaja`
--

LOCK TABLES `documentobaja` WRITE;
/*!40000 ALTER TABLE `documentobaja` DISABLE KEYS */;
/*!40000 ALTER TABLE `documentobaja` ENABLE KEYS */;
UNLOCK TABLES;

--
-- Table structure for table `documentodetallebaja`
--

DROP TABLE IF EXISTS `documentodetallebaja`;
/*!40101 SET @saved_cs_client     = @@character_set_client */;
/*!40101 SET character_set_client = utf8 */;
CREATE TABLE `documentodetallebaja` (
  `documentoDetalleBajaId` int(11) NOT NULL AUTO_INCREMENT,
  `documentoBajaId` int(11) NOT NULL,
  `numeroOrden` int(11) DEFAULT NULL,
  `tipoDocOrigen` varchar(2) COLLATE utf8_spanish_ci DEFAULT NULL,
  `serieDocOrigen` varchar(4) COLLATE utf8_spanish_ci DEFAULT NULL,
  `correlativoDocOrigen` varchar(8) COLLATE utf8_spanish_ci DEFAULT NULL,
  `motivoBaja` varchar(100) COLLATE utf8_spanish_ci DEFAULT NULL,
  PRIMARY KEY (`documentoDetalleBajaId`),
  KEY `fk_DocumentoDetalleBaja_DocumentoBaja1_idx` (`documentoBajaId`),
  CONSTRAINT `fk_DocumentoDetalleBaja_DocumentoBaja1` FOREIGN KEY (`documentoBajaId`) REFERENCES `documentobaja` (`documentoBajaId`) ON DELETE CASCADE ON UPDATE NO ACTION
) ENGINE=InnoDB DEFAULT CHARSET=utf8 COLLATE=utf8_spanish_ci;
/*!40101 SET character_set_client = @saved_cs_client */;

--
-- Dumping data for table `documentodetallebaja`
--

LOCK TABLES `documentodetallebaja` WRITE;
/*!40000 ALTER TABLE `documentodetallebaja` DISABLE KEYS */;
/*!40000 ALTER TABLE `documentodetallebaja` ENABLE KEYS */;
UNLOCK TABLES;

--
-- Table structure for table `documentodetalleresumen`
--

DROP TABLE IF EXISTS `documentodetalleresumen`;
/*!40101 SET @saved_cs_client     = @@character_set_client */;
/*!40101 SET character_set_client = utf8 */;
CREATE TABLE `documentodetalleresumen` (
  `documentoDetalleResumenId` int(11) NOT NULL AUTO_INCREMENT,
  `documentoResumenId` int(11) NOT NULL,
  `tipoDocOrigen` varchar(2) COLLATE utf8_spanish_ci DEFAULT NULL,
  `serieDocOrigen` varchar(4) COLLATE utf8_spanish_ci DEFAULT NULL,
  `inicioCorrelativo` varchar(8) COLLATE utf8_spanish_ci DEFAULT NULL,
  `finCorrelativo` varchar(8) COLLATE utf8_spanish_ci DEFAULT NULL,
  `valorVentaGravada` decimal(12,2) DEFAULT NULL,
  `valorVentaExonerada` decimal(12,2) DEFAULT NULL,
  `valorVentaInafecta` decimal(12,2) DEFAULT NULL,
  `totalOtrosCargos` decimal(12,2) DEFAULT NULL,
  `totalOtrosTributos` decimal(12,2) DEFAULT NULL,
  `totalIGV` decimal(12,2) DEFAULT NULL,
  `totalISC` decimal(12,2) DEFAULT NULL,
  `importeTotal` decimal(12,2) DEFAULT NULL,
  `tipoMoneda` varchar(4) COLLATE utf8_spanish_ci DEFAULT NULL,
  `numeroOrden` int(3) DEFAULT NULL,
  PRIMARY KEY (`documentoDetalleResumenId`),
  KEY `fk_DocumentoDetalleResumen_DocumentoResumen1_idx` (`documentoResumenId`),
  CONSTRAINT `fk_DocumentoDetalleResumen_DocumentoResumen1` FOREIGN KEY (`documentoResumenId`) REFERENCES `documentoresumen` (`documentoResumenId`) ON DELETE NO ACTION ON UPDATE NO ACTION
) ENGINE=InnoDB AUTO_INCREMENT=32 DEFAULT CHARSET=utf8 COLLATE=utf8_spanish_ci;
/*!40101 SET character_set_client = @saved_cs_client */;

--
-- Dumping data for table `documentodetalleresumen`
--

LOCK TABLES `documentodetalleresumen` WRITE;
/*!40000 ALTER TABLE `documentodetalleresumen` DISABLE KEYS */;
INSERT INTO `documentodetalleresumen` VALUES (5,3,'3','B001','4','3',3600.00,0.00,0.00,0.00,0.00,648.00,0.00,4248.00,NULL,NULL),(6,3,'7','B001','1','1',2370.00,0.00,0.00,0.00,0.00,426.60,0.00,2796.60,NULL,NULL),(7,8,'03','BA98','456','764',98232.00,0.00,0.00,5.00,1.00,17681.76,0.00,117350.76,'PEN',1),(8,8,'03','BC23','789','932',78223.00,24423.00,24423.00,0.00,0.00,14080.14,0.00,116726.14,'PEN',2),(9,8,'07','BC11','23','89',23223.00,0.00,0.00,0.00,0.00,4180.14,0.00,27403.14,'PEN',3),(10,8,'03','BD21','12','230',71242.00,78829.00,78829.00,345.00,0.00,12823.56,2342.00,170684.56,'PEN',4),(11,8,'08','B234','902','1459',64434.00,0.00,0.00,0.00,0.00,11598.12,0.00,88600.07,'PEN',5),(12,9,'03','BA98','456','764',98232.00,0.00,0.00,5.00,1.00,17681.76,0.00,117350.76,'PEN',1),(13,9,'03','BC23','789','932',78223.00,24423.00,24423.00,0.00,0.00,14080.14,0.00,116726.14,'PEN',2),(14,9,'07','BC11','23','89',23223.00,0.00,0.00,0.00,0.00,4180.14,0.00,27403.14,'PEN',3),(15,9,'03','BD21','12','230',71242.00,78829.00,78829.00,345.00,0.00,12823.56,2342.00,170684.56,'PEN',4),(16,9,'08','B234','902','1459',64434.00,0.00,0.00,0.00,0.00,11598.12,0.00,88600.07,'PEN',5),(17,10,'03','BA98','456','764',98232.00,0.00,0.00,5.00,1.00,17681.76,0.00,117350.76,'PEN',1),(18,10,'03','BC23','789','932',78223.00,24423.00,24423.00,0.00,0.00,14080.14,0.00,116726.14,'PEN',2),(19,10,'07','BC11','23','89',23223.00,0.00,0.00,0.00,0.00,4180.14,0.00,27403.14,'PEN',3),(20,10,'03','BD21','12','230',71242.00,78829.00,78829.00,345.00,0.00,12823.56,2342.00,170684.56,'PEN',4),(21,10,'08','B234','902','1459',64434.00,0.00,0.00,0.00,0.00,11598.12,0.00,88600.07,'PEN',5),(22,11,'03','BA98','456','764',98232.00,0.00,0.00,5.00,1.00,17681.76,0.00,117350.76,'PEN',1),(23,11,'03','BC23','789','932',78223.00,24423.00,24423.00,0.00,0.00,14080.14,0.00,116726.14,'PEN',2),(24,11,'07','BC11','23','89',23223.00,0.00,0.00,0.00,0.00,4180.14,0.00,27403.14,'PEN',3),(25,11,'03','BD21','12','230',71242.00,78829.00,78829.00,345.00,0.00,12823.56,2342.00,170684.56,'PEN',4),(26,11,'08','B234','902','1459',64434.00,0.00,0.00,0.00,0.00,11598.12,0.00,88600.07,'PEN',5),(27,12,'03','BA98','456','764',98232.00,0.00,0.00,5.00,1.00,17681.76,0.00,117350.76,'PEN',1),(28,12,'03','BC23','789','932',78223.00,24423.00,24423.00,0.00,0.00,14080.14,0.00,116726.14,'PEN',2),(29,12,'07','BC11','23','89',23223.00,0.00,0.00,0.00,0.00,4180.14,0.00,27403.14,'PEN',3),(30,12,'03','BD21','12','230',71242.00,78829.00,78829.00,345.00,0.00,12823.56,2342.00,170684.56,'PEN',4),(31,12,'08','B234','902','1459',64434.00,0.00,0.00,0.00,0.00,11598.12,0.00,88600.07,'PEN',5);
/*!40000 ALTER TABLE `documentodetalleresumen` ENABLE KEYS */;
UNLOCK TABLES;

--
-- Table structure for table `documentoresumen`
--

DROP TABLE IF EXISTS `documentoresumen`;
/*!40101 SET @saved_cs_client     = @@character_set_client */;
/*!40101 SET character_set_client = utf8 */;
CREATE TABLE `documentoresumen` (
  `documentoResumenId` int(11) NOT NULL AUTO_INCREMENT,
  `fechaEmision` date DEFAULT NULL,
  `codigoIdentificador` varchar(17) COLLATE utf8_spanish_ci DEFAULT NULL,
  `sucursalId` int(5) DEFAULT NULL,
  `fechaDocumentoResumen` date DEFAULT NULL,
  `fechaCreacion` date DEFAULT NULL,
  `ticketSunat` varchar(45) COLLATE utf8_spanish_ci DEFAULT NULL,
  `estadoSunat` varchar(45) COLLATE utf8_spanish_ci DEFAULT NULL,
  `usuarioCrea` int(11) DEFAULT NULL,
  PRIMARY KEY (`documentoResumenId`)
) ENGINE=InnoDB AUTO_INCREMENT=13 DEFAULT CHARSET=utf8 COLLATE=utf8_spanish_ci;
/*!40101 SET character_set_client = @saved_cs_client */;

--
-- Dumping data for table `documentoresumen`
--

LOCK TABLES `documentoresumen` WRITE;
/*!40000 ALTER TABLE `documentoresumen` DISABLE KEYS */;
INSERT INTO `documentoresumen` VALUES (3,'2015-07-27','RC-20150727-1',1,'2015-07-26','2015-07-27',NULL,'Aceptado',NULL),(4,'2015-07-28','RC-20150727-2',2,'2015-07-27','2015-07-28',NULL,'Aceptado',NULL),(5,'2015-07-29','RC-20150727-3',3,'2015-07-28','2015-07-29',NULL,'Aceptado',NULL),(6,'2015-07-30','RC-20150727-4',4,'2015-07-29','2015-07-30',NULL,'Aceptado',NULL),(7,'2016-10-20','RC-20161020-1',1,'2016-10-19','2016-10-20',NULL,'Aceptado',NULL),(8,'2016-12-22','RC-20161218-1',1,'2016-12-07','2016-12-23',NULL,'Aceptado',NULL),(9,'2016-12-22','RC-20161218-1',1,'2016-12-07','2016-12-23',NULL,'Aceptado',NULL),(10,'2016-12-22','RC-20161222-1',1,'2016-12-07','2016-12-23',NULL,'Aceptado',NULL),(11,'2016-12-22','RC-20161222-1',1,'2016-12-07','2016-12-23',NULL,'Aceptado',NULL),(12,'2016-12-22','RC-20161222-1',1,'2016-12-07','2016-12-23',NULL,'Aceptado',NULL);
/*!40000 ALTER TABLE `documentoresumen` ENABLE KEYS */;
UNLOCK TABLES;

--
-- Table structure for table `empresa`
--

DROP TABLE IF EXISTS `empresa`;
/*!40101 SET @saved_cs_client     = @@character_set_client */;
/*!40101 SET character_set_client = utf8 */;
CREATE TABLE `empresa` (
  `empresaId` int(11) NOT NULL AUTO_INCREMENT,
  `razonSocial` varchar(100) COLLATE utf8_spanish_ci DEFAULT NULL,
  `nombreComercial` varchar(45) COLLATE utf8_spanish_ci DEFAULT NULL,
  `ruc` varchar(11) COLLATE utf8_spanish_ci DEFAULT NULL,
  `direccion` varchar(150) COLLATE utf8_spanish_ci DEFAULT NULL,
  `ubigeo` varchar(10) COLLATE utf8_spanish_ci DEFAULT NULL,
  `estado` bit(1) DEFAULT NULL,
  `fechaCreacion` datetime DEFAULT NULL,
  `userSol` varchar(45) COLLATE utf8_spanish_ci DEFAULT NULL,
  `passSol` varchar(45) COLLATE utf8_spanish_ci DEFAULT NULL,
  `logo` varchar(45) COLLATE utf8_spanish_ci DEFAULT NULL,
  PRIMARY KEY (`empresaId`)
) ENGINE=InnoDB AUTO_INCREMENT=2 DEFAULT CHARSET=utf8 COLLATE=utf8_spanish_ci;
/*!40101 SET character_set_client = @saved_cs_client */;

--
-- Dumping data for table `empresa`
--

LOCK TABLES `empresa` WRITE;
/*!40000 ALTER TABLE `empresa` DISABLE KEYS */;
INSERT INTO `empresa` VALUES (1,'GLOBALNET COMUNICACIONES SAC','GLOBALNET','20452357268','JR. ASAMBLEA NRO. 183','050101','','2016-03-26 11:12:21','WLOPEZ29','wilopez29','logo.png');
/*!40000 ALTER TABLE `empresa` ENABLE KEYS */;
UNLOCK TABLES;

--
-- Table structure for table `pais`
--

DROP TABLE IF EXISTS `pais`;
/*!40101 SET @saved_cs_client     = @@character_set_client */;
/*!40101 SET character_set_client = utf8 */;
CREATE TABLE `pais` (
  `IdPais` int(11) NOT NULL AUTO_INCREMENT,
  `NombrePais` char(120) COLLATE utf8_unicode_ci DEFAULT NULL,
  `Zona` int(1) DEFAULT NULL,
  `PrefTelefono` int(2) DEFAULT NULL,
  `DominioReg` char(5) COLLATE utf8_unicode_ci DEFAULT NULL,
  `FCrea` datetime DEFAULT NULL,
  `FMod` datetime DEFAULT NULL,
  `IdUserCrea` int(5) DEFAULT NULL,
  `IdUserMod` int(5) DEFAULT NULL,
  PRIMARY KEY (`IdPais`)
) ENGINE=InnoDB AUTO_INCREMENT=241 DEFAULT CHARSET=utf8 COLLATE=utf8_unicode_ci;
/*!40101 SET character_set_client = @saved_cs_client */;

--
-- Dumping data for table `pais`
--

LOCK TABLES `pais` WRITE;
/*!40000 ALTER TABLE `pais` DISABLE KEYS */;
INSERT INTO `pais` VALUES (1,'Afghanistan',1,93,'',NULL,NULL,NULL,NULL),(2,'Albania',1,355,'',NULL,NULL,NULL,NULL),(3,'Algeria',1,213,'',NULL,NULL,NULL,NULL),(4,'American Samoa',1,1,'',NULL,NULL,NULL,NULL),(5,'Andorra',1,376,'',NULL,NULL,NULL,NULL),(6,'Angola',1,244,'',NULL,NULL,NULL,NULL),(7,'Anguilla',1,1,'',NULL,NULL,NULL,NULL),(8,'Antarctica',1,672,'',NULL,NULL,NULL,NULL),(9,'Antigua and Barbuda',1,1,'',NULL,NULL,NULL,NULL),(10,'Argentina',1,54,'',NULL,NULL,NULL,NULL),(11,'Armenia',1,374,'',NULL,NULL,NULL,NULL),(12,'Aruba',1,297,'',NULL,NULL,NULL,NULL),(13,'Ascension',1,247,'',NULL,NULL,NULL,NULL),(14,'Australia',1,61,'',NULL,NULL,NULL,NULL),(15,'Austria',1,43,'',NULL,NULL,NULL,NULL),(16,'Azerbaijan',1,994,'',NULL,NULL,NULL,NULL),(17,'Bahamas',1,1,'',NULL,NULL,NULL,NULL),(18,'Bahrain',1,973,'',NULL,NULL,NULL,NULL),(19,'Bangladesh',1,880,'',NULL,NULL,NULL,NULL),(20,'Barbados',1,1,'',NULL,NULL,NULL,NULL),(21,'Belarus',1,375,'',NULL,NULL,NULL,NULL),(22,'Belgium',1,32,'',NULL,NULL,NULL,NULL),(23,'Belize',1,501,'',NULL,NULL,NULL,NULL),(24,'Benin',1,229,'',NULL,NULL,NULL,NULL),(25,'Bermuda',1,1,'',NULL,NULL,NULL,NULL),(26,'Bhutan',1,975,'',NULL,NULL,NULL,NULL),(27,'Bolivia',1,591,'',NULL,NULL,NULL,NULL),(28,'Bosnia and Herzegovina',1,387,'',NULL,NULL,NULL,NULL),(29,'Botswana',1,267,'',NULL,NULL,NULL,NULL),(30,'Brazil',1,55,'',NULL,NULL,NULL,NULL),(31,'British Indian Ocean Territory',1,246,'',NULL,NULL,NULL,NULL),(32,'Brunei Darussalam',1,673,'',NULL,NULL,NULL,NULL),(33,'Bulgaria',1,359,'',NULL,NULL,NULL,NULL),(34,'Burkina Faso',1,226,'',NULL,NULL,NULL,NULL),(35,'Burundi',1,257,'',NULL,NULL,NULL,NULL),(36,'C?te D\'Ivoire',1,225,'',NULL,NULL,NULL,NULL),(37,'Cambodia',1,855,'',NULL,NULL,NULL,NULL),(38,'Cameroon',1,237,'',NULL,NULL,NULL,NULL),(39,'Canada',1,1,'',NULL,NULL,NULL,NULL),(40,'Cape Verde',1,238,'',NULL,NULL,NULL,NULL),(41,'Cayman Islands',1,1,'',NULL,NULL,NULL,NULL),(42,'Central African Republic',1,236,'',NULL,NULL,NULL,NULL),(43,'Chad',1,235,'',NULL,NULL,NULL,NULL),(44,'Chile',1,56,'',NULL,NULL,NULL,NULL),(45,'China',1,86,'',NULL,NULL,NULL,NULL),(46,'Christmas Island',1,61,'',NULL,NULL,NULL,NULL),(47,'Cocos(Keeling)Island',1,61,'',NULL,NULL,NULL,NULL),(48,'Colombia',1,57,'',NULL,NULL,NULL,NULL),(49,'Comoros',1,269,'',NULL,NULL,NULL,NULL),(50,'Congo',1,242,'',NULL,NULL,NULL,NULL),(51,'Congo, Democratic Republic of the',1,243,'',NULL,NULL,NULL,NULL),(52,'Cook Islands',1,682,'',NULL,NULL,NULL,NULL),(53,'Costa Rica',1,506,'',NULL,NULL,NULL,NULL),(54,'Croatia',1,385,'',NULL,NULL,NULL,NULL),(55,'Cuba',1,53,'',NULL,NULL,NULL,NULL),(56,'Cyprus',1,357,'',NULL,NULL,NULL,NULL),(57,'Czech Republic',1,420,'',NULL,NULL,NULL,NULL),(58,'Denmark',1,45,'',NULL,NULL,NULL,NULL),(59,'Djibouti',1,253,'',NULL,NULL,NULL,NULL),(60,'Dominica',1,1,'',NULL,NULL,NULL,NULL),(61,'Dominican Republic',1,1,'',NULL,NULL,NULL,NULL),(62,'Ecuador',1,593,'',NULL,NULL,NULL,NULL),(63,'Egypt',1,20,'',NULL,NULL,NULL,NULL),(64,'El Salvador',1,503,'',NULL,NULL,NULL,NULL),(65,'Equatorial Guinea',1,240,'',NULL,NULL,NULL,NULL),(66,'Eritrea',1,291,'',NULL,NULL,NULL,NULL),(67,'Estonia',1,372,'',NULL,NULL,NULL,NULL),(68,'Ethiopia',1,251,'',NULL,NULL,NULL,NULL),(69,'Falkland Islands (Malvinas)',1,500,'',NULL,NULL,NULL,NULL),(70,'Faroe Islands',1,298,'',NULL,NULL,NULL,NULL),(71,'Fiji',1,679,'',NULL,NULL,NULL,NULL),(72,'Finland',1,358,'',NULL,NULL,NULL,NULL),(73,'France',1,33,'',NULL,NULL,NULL,NULL),(74,'French Guiana',1,594,'',NULL,NULL,NULL,NULL),(75,'French Polynesia',1,689,'',NULL,NULL,NULL,NULL),(76,'Gabon',1,241,'',NULL,NULL,NULL,NULL),(77,'Gambia',1,220,'',NULL,NULL,NULL,NULL),(78,'Georgia',1,995,'',NULL,NULL,NULL,NULL),(79,'Germany',1,49,'',NULL,NULL,NULL,NULL),(80,'Ghana',1,233,'',NULL,NULL,NULL,NULL),(81,'Gibraltar',1,350,'',NULL,NULL,NULL,NULL),(82,'Greece',1,30,'',NULL,NULL,NULL,NULL),(83,'Greenland',1,299,'',NULL,NULL,NULL,NULL),(84,'Grenada',1,1,'',NULL,NULL,NULL,NULL),(85,'Guadeloupe',1,590,'',NULL,NULL,NULL,NULL),(86,'Guam',1,1,'',NULL,NULL,NULL,NULL),(87,'Guatemala',1,502,'',NULL,NULL,NULL,NULL),(88,'Guernsey',1,44,'',NULL,NULL,NULL,NULL),(89,'Guinea',1,224,'',NULL,NULL,NULL,NULL),(90,'Guinea-Bissau',1,245,'',NULL,NULL,NULL,NULL),(91,'Guyana',1,592,'',NULL,NULL,NULL,NULL),(92,'Haiti',1,509,'',NULL,NULL,NULL,NULL),(93,'Holy See (Vatican City State)',1,39,'',NULL,NULL,NULL,NULL),(94,'Honduras',1,504,'',NULL,NULL,NULL,NULL),(95,'Hong Kong',1,852,'',NULL,NULL,NULL,NULL),(96,'Hungary',1,36,'',NULL,NULL,NULL,NULL),(97,'Iceland',1,354,'',NULL,NULL,NULL,NULL),(98,'India',1,91,'',NULL,NULL,NULL,NULL),(99,'Indonesia',1,62,'',NULL,NULL,NULL,NULL),(100,'Inmarsat Atlantic Ocean-East',1,871,'',NULL,NULL,NULL,NULL),(101,'Inmarsat Atlantic Ocean-West',1,874,'',NULL,NULL,NULL,NULL),(102,'Inmarsat Indian Ocean',1,873,'',NULL,NULL,NULL,NULL),(103,'Inmarsat Pacific Ocean',1,872,'',NULL,NULL,NULL,NULL),(104,'Inmarsat Single Number Access',1,870,'',NULL,NULL,NULL,NULL),(105,'Iran',1,98,'',NULL,NULL,NULL,NULL),(106,'Iraq',1,964,'',NULL,NULL,NULL,NULL),(107,'Ireland',1,353,'',NULL,NULL,NULL,NULL),(108,'Isle of Man',1,44,'',NULL,NULL,NULL,NULL),(109,'Israel',1,972,'',NULL,NULL,NULL,NULL),(110,'Italy',1,39,'',NULL,NULL,NULL,NULL),(111,'Jamaica',1,1,'',NULL,NULL,NULL,NULL),(112,'Japan',1,81,'',NULL,NULL,NULL,NULL),(113,'Jersey',1,44,'',NULL,NULL,NULL,NULL),(114,'Jordan',1,962,'',NULL,NULL,NULL,NULL),(115,'Kazakhstan',1,7,'',NULL,NULL,NULL,NULL),(116,'Kenya',1,254,'',NULL,NULL,NULL,NULL),(117,'Kiribati',1,686,'',NULL,NULL,NULL,NULL),(118,'Korea, Democratic People\'s Republic of',1,850,'',NULL,NULL,NULL,NULL),(119,'Korea, Republic of',1,82,'',NULL,NULL,NULL,NULL),(120,'Kuwait',1,965,'',NULL,NULL,NULL,NULL),(121,'Kyrgyz Republic',1,996,'',NULL,NULL,NULL,NULL),(122,'Lao People\'s Democratic Republic',1,856,'',NULL,NULL,NULL,NULL),(123,'Latvia',1,371,'',NULL,NULL,NULL,NULL),(124,'Lebanon',1,961,'',NULL,NULL,NULL,NULL),(125,'Lesotho',1,266,'',NULL,NULL,NULL,NULL),(126,'Liberia',1,231,'',NULL,NULL,NULL,NULL),(127,'Libyan Arab Jamahiriya',1,218,'',NULL,NULL,NULL,NULL),(128,'Liechtenstein',1,423,'',NULL,NULL,NULL,NULL),(129,'Lithuania',1,370,'',NULL,NULL,NULL,NULL),(130,'Luxembourg',1,352,'',NULL,NULL,NULL,NULL),(131,'Macao',1,853,'',NULL,NULL,NULL,NULL),(132,'Macedonia',1,389,'',NULL,NULL,NULL,NULL),(133,'Madagascar',1,261,'',NULL,NULL,NULL,NULL),(134,'Malawi',1,265,'',NULL,NULL,NULL,NULL),(135,'Malaysia',1,60,'',NULL,NULL,NULL,NULL),(136,'Maldives',1,960,'',NULL,NULL,NULL,NULL),(137,'Mali',1,223,'',NULL,NULL,NULL,NULL),(138,'Malta',1,356,'',NULL,NULL,NULL,NULL),(139,'Marshall Islands',1,692,'',NULL,NULL,NULL,NULL),(140,'Martinique',1,596,'',NULL,NULL,NULL,NULL),(141,'Mauritania',1,222,'',NULL,NULL,NULL,NULL),(142,'Mauritius',1,230,'',NULL,NULL,NULL,NULL),(143,'Mayotte',1,269,'',NULL,NULL,NULL,NULL),(144,'Mexico',1,52,'',NULL,NULL,NULL,NULL),(145,'Micronesia',1,691,'',NULL,NULL,NULL,NULL),(146,'Moldova',1,373,'',NULL,NULL,NULL,NULL),(147,'Monaco',1,377,'',NULL,NULL,NULL,NULL),(148,'Mongolia',1,976,'',NULL,NULL,NULL,NULL),(149,'Montserrat',1,1,'',NULL,NULL,NULL,NULL),(150,'Morocco',1,212,'',NULL,NULL,NULL,NULL),(151,'Mozambique',1,258,'',NULL,NULL,NULL,NULL),(152,'Myanmar',1,95,'',NULL,NULL,NULL,NULL),(153,'Namibia',1,264,'',NULL,NULL,NULL,NULL),(154,'Nauru',1,674,'',NULL,NULL,NULL,NULL),(155,'Nepal',1,977,'',NULL,NULL,NULL,NULL),(156,'Netherlands',1,31,'',NULL,NULL,NULL,NULL),(157,'Netherlands Antilles',1,599,'',NULL,NULL,NULL,NULL),(158,'New Caledonia',1,687,'',NULL,NULL,NULL,NULL),(159,'New Zealand',1,64,'',NULL,NULL,NULL,NULL),(160,'Nicaragua',1,505,'',NULL,NULL,NULL,NULL),(161,'Niger',1,227,'',NULL,NULL,NULL,NULL),(162,'Nigeria',1,234,'',NULL,NULL,NULL,NULL),(163,'Niue',1,683,'',NULL,NULL,NULL,NULL),(164,'Norfolk Island',1,672,'',NULL,NULL,NULL,NULL),(165,'Northern Mariana Islands',1,1,'',NULL,NULL,NULL,NULL),(166,'Norway',1,47,'',NULL,NULL,NULL,NULL),(167,'Oman',1,968,'',NULL,NULL,NULL,NULL),(168,'Pakistan',1,92,'',NULL,NULL,NULL,NULL),(169,'Palau',1,680,'',NULL,NULL,NULL,NULL),(170,'Palestinian Territory, Occupied',1,970,'',NULL,NULL,NULL,NULL),(171,'Panama',1,507,'',NULL,NULL,NULL,NULL),(172,'Papua New Guinea',1,675,'',NULL,NULL,NULL,NULL),(173,'Paraguay',1,595,'',NULL,NULL,NULL,NULL),(174,'Peru',1,51,'.pe',NULL,'2008-11-28 03:13:20',NULL,1),(175,'Philippines',1,63,'',NULL,NULL,NULL,NULL),(176,'Poland',1,48,'',NULL,NULL,NULL,NULL),(177,'Portugal',1,351,'',NULL,NULL,NULL,NULL),(178,'Puerto Rico',1,1,'',NULL,NULL,NULL,NULL),(179,'Qatar',1,974,'',NULL,NULL,NULL,NULL),(180,'Reunion',1,262,'',NULL,NULL,NULL,NULL),(181,'Romania',1,40,'',NULL,NULL,NULL,NULL),(182,'Russian Federation',1,7,'',NULL,NULL,NULL,NULL),(183,'Rwanda',1,250,'',NULL,NULL,NULL,NULL),(184,'S?o Tome and Principe',1,239,'',NULL,NULL,NULL,NULL),(185,'Saint Helena',1,290,'',NULL,NULL,NULL,NULL),(186,'Saint Kitts and Nevis',1,1,'',NULL,NULL,NULL,NULL),(187,'Saint Lucia',1,1,'',NULL,NULL,NULL,NULL),(188,'Saint Pierre and Miquelon',1,508,'',NULL,NULL,NULL,NULL),(189,'Saint Vincent and the Grenadines',1,1,'',NULL,NULL,NULL,NULL),(190,'Samoa',1,685,'',NULL,NULL,NULL,NULL),(191,'San Marino',1,378,'',NULL,NULL,NULL,NULL),(192,'Saudi Arabia',1,966,'',NULL,NULL,NULL,NULL),(193,'Senegal',1,221,'',NULL,NULL,NULL,NULL),(194,'Serbia and Montenegro',1,381,'',NULL,NULL,NULL,NULL),(195,'Seychelles',1,248,'',NULL,NULL,NULL,NULL),(196,'Sierra Leone',1,232,'',NULL,NULL,NULL,NULL),(197,'Singapore',1,65,'',NULL,NULL,NULL,NULL),(198,'Slovakia',1,421,'',NULL,NULL,NULL,NULL),(199,'Slovenia',1,386,'',NULL,NULL,NULL,NULL),(200,'Solomon Islands',1,677,'',NULL,NULL,NULL,NULL),(201,'Somalia',1,252,'',NULL,NULL,NULL,NULL),(202,'South Africa',1,27,'',NULL,NULL,NULL,NULL),(203,'Spain',1,34,'',NULL,NULL,NULL,NULL),(204,'Sri Lanka',1,94,'',NULL,NULL,NULL,NULL),(205,'Sudan',1,249,'',NULL,NULL,NULL,NULL),(206,'Suriname',1,597,'',NULL,NULL,NULL,NULL),(207,'Swaziland',1,268,'',NULL,NULL,NULL,NULL),(208,'Sweden',1,46,'',NULL,NULL,NULL,NULL),(209,'Switzerland',1,41,'',NULL,NULL,NULL,NULL),(210,'Syria',1,963,'',NULL,NULL,NULL,NULL),(211,'Taiwan',1,886,'',NULL,NULL,NULL,NULL),(212,'Tajikistan',1,992,'',NULL,NULL,NULL,NULL),(213,'Tanzania',1,255,'',NULL,NULL,NULL,NULL),(214,'Thailand',1,66,'',NULL,NULL,NULL,NULL),(215,'Timor-Leste',1,670,'',NULL,NULL,NULL,NULL),(216,'Togo',1,228,'',NULL,NULL,NULL,NULL),(217,'Tokelau',1,690,'',NULL,NULL,NULL,NULL),(218,'Tonga',1,676,'',NULL,NULL,NULL,NULL),(219,'Trinidad and Tobago',1,1,'',NULL,NULL,NULL,NULL),(220,'Tunisia',1,216,'',NULL,NULL,NULL,NULL),(221,'Turkey',1,90,'',NULL,NULL,NULL,NULL),(222,'Turkmenistan',1,993,'',NULL,NULL,NULL,NULL),(223,'Turks and Caicos Islands',1,1,'',NULL,NULL,NULL,NULL),(224,'Tuvalu',1,688,'',NULL,NULL,NULL,NULL),(225,'Uganda',1,256,'',NULL,NULL,NULL,NULL),(226,'Ukraine',1,380,'',NULL,NULL,NULL,NULL),(227,'United Arab Emirates',1,971,'',NULL,NULL,NULL,NULL),(228,'United Kingdom',1,44,'',NULL,NULL,NULL,NULL),(229,'United States',1,1,'',NULL,NULL,NULL,NULL),(230,'Uruguay',1,598,'',NULL,NULL,NULL,NULL),(231,'Uzbekistan',1,998,'',NULL,NULL,NULL,NULL),(232,'Vanuatu',1,678,'',NULL,NULL,NULL,NULL),(233,'Venezuela',1,58,'',NULL,NULL,NULL,NULL),(234,'Viet Nam',1,84,'',NULL,NULL,NULL,NULL),(235,'Virgin Islands, British',1,1,'',NULL,NULL,NULL,NULL),(236,'Virgin Islands, U.S.',1,1,'',NULL,NULL,NULL,NULL),(237,'Wallis and Futuna Islands',1,681,'',NULL,NULL,NULL,NULL),(238,'Yemen',1,967,'',NULL,NULL,NULL,NULL),(239,'Zambia',1,260,'',NULL,NULL,NULL,NULL),(240,'Zimbabwe',1,263,'',NULL,NULL,NULL,NULL);
/*!40000 ALTER TABLE `pais` ENABLE KEYS */;
UNLOCK TABLES;

--
-- Table structure for table `sucursal`
--

DROP TABLE IF EXISTS `sucursal`;
/*!40101 SET @saved_cs_client     = @@character_set_client */;
/*!40101 SET character_set_client = utf8 */;
CREATE TABLE `sucursal` (
  `sucursalId` int(11) NOT NULL AUTO_INCREMENT,
  `empresaId` int(11) NOT NULL,
  `codigo` varchar(45) DEFAULT NULL,
  `nombre` varchar(45) DEFAULT NULL,
  `direccion` varchar(100) DEFAULT NULL,
  `ubigeo` varchar(45) DEFAULT NULL,
  `descripcion` varchar(150) DEFAULT NULL,
  `telefono` varchar(12) DEFAULT NULL,
  `email` varchar(45) DEFAULT NULL,
  `estado` int(1) DEFAULT NULL,
  `fechaCrea` datetime NOT NULL,
  `usuarioCrea` int(5) NOT NULL,
  `fechaMod` datetime DEFAULT NULL,
  `usuarioMod` int(5) DEFAULT NULL,
  PRIMARY KEY (`sucursalId`),
  KEY `fk_sucursal_empresa1_idx` (`empresaId`),
  CONSTRAINT `fk_sucursal_empresa1` FOREIGN KEY (`empresaId`) REFERENCES `empresa` (`empresaId`) ON DELETE NO ACTION ON UPDATE NO ACTION
) ENGINE=InnoDB AUTO_INCREMENT=2 DEFAULT CHARSET=utf8;
/*!40101 SET character_set_client = @saved_cs_client */;

--
-- Dumping data for table `sucursal`
--

LOCK TABLES `sucursal` WRITE;
/*!40000 ALTER TABLE `sucursal` DISABLE KEYS */;
INSERT INTO `sucursal` VALUES (1,1,'S001','Principal','Av. Javier Prado Este 2356',NULL,'Sucursal principal','01 5698523','sucursalprincipal@wm2a.com',1,'2016-04-26 11:50:19',1,NULL,NULL);
/*!40000 ALTER TABLE `sucursal` ENABLE KEYS */;
UNLOCK TABLES;

--
-- Table structure for table `t_detalle`
--

DROP TABLE IF EXISTS `t_detalle`;
/*!40101 SET @saved_cs_client     = @@character_set_client */;
/*!40101 SET character_set_client = utf8 */;
CREATE TABLE `t_detalle` (
  `detalleId` int(11) NOT NULL,
  `descripcion` varchar(255) COLLATE utf8_spanish_ci NOT NULL,
  `estado` bit(1) NOT NULL,
  `masterId` int(11) NOT NULL,
  PRIMARY KEY (`detalleId`),
  KEY `masterId` (`masterId`),
  CONSTRAINT `masterId` FOREIGN KEY (`masterId`) REFERENCES `t_maestro` (`masterId`) ON DELETE NO ACTION ON UPDATE NO ACTION
) ENGINE=InnoDB DEFAULT CHARSET=utf8 COLLATE=utf8_spanish_ci;
/*!40101 SET character_set_client = @saved_cs_client */;

--
-- Dumping data for table `t_detalle`
--

LOCK TABLES `t_detalle` WRITE;
/*!40000 ALTER TABLE `t_detalle` DISABLE KEYS */;
INSERT INTO `t_detalle` VALUES (1,'Administrador','',1),(2,'Usuario','',1),(3,'Mysql','',2),(4,'Ms Sql','',2),(5,'Nativo','',2);
/*!40000 ALTER TABLE `t_detalle` ENABLE KEYS */;
UNLOCK TABLES;

--
-- Table structure for table `t_maestro`
--

DROP TABLE IF EXISTS `t_maestro`;
/*!40101 SET @saved_cs_client     = @@character_set_client */;
/*!40101 SET character_set_client = utf8 */;
CREATE TABLE `t_maestro` (
  `masterId` int(11) NOT NULL,
  `descripcion` varchar(255) COLLATE utf8_spanish_ci NOT NULL,
  `estado` bit(1) DEFAULT NULL,
  PRIMARY KEY (`masterId`)
) ENGINE=InnoDB DEFAULT CHARSET=utf8 COLLATE=utf8_spanish_ci;
/*!40101 SET character_set_client = @saved_cs_client */;

--
-- Dumping data for table `t_maestro`
--

LOCK TABLES `t_maestro` WRITE;
/*!40000 ALTER TABLE `t_maestro` DISABLE KEYS */;
INSERT INTO `t_maestro` VALUES (1,'Tipo Usuario',''),(2,'Tipo de base datos','');
/*!40000 ALTER TABLE `t_maestro` ENABLE KEYS */;
UNLOCK TABLES;

--
-- Table structure for table `tablasbasedatos`
--

DROP TABLE IF EXISTS `tablasbasedatos`;
/*!40101 SET @saved_cs_client     = @@character_set_client */;
/*!40101 SET character_set_client = utf8 */;
CREATE TABLE `tablasbasedatos` (
  `tablasBaseDatosId` int(11) NOT NULL AUTO_INCREMENT,
  `nombre` varchar(45) COLLATE utf8_spanish_ci DEFAULT NULL,
  `estado` bit(1) DEFAULT NULL,
  `fechaCreacion` datetime DEFAULT NULL,
  `empresaId` int(11) NOT NULL,
  PRIMARY KEY (`tablasBaseDatosId`),
  KEY `fk_TablasBaseDatos_Empresa1_idx` (`empresaId`),
  CONSTRAINT `fk_TablasBaseDatos_Empresa1` FOREIGN KEY (`empresaId`) REFERENCES `empresa` (`empresaId`) ON DELETE NO ACTION ON UPDATE NO ACTION
) ENGINE=InnoDB AUTO_INCREMENT=22 DEFAULT CHARSET=utf8 COLLATE=utf8_spanish_ci;
/*!40101 SET character_set_client = @saved_cs_client */;

--
-- Dumping data for table `tablasbasedatos`
--

LOCK TABLES `tablasbasedatos` WRITE;
/*!40000 ALTER TABLE `tablasbasedatos` DISABLE KEYS */;
INSERT INTO `tablasbasedatos` VALUES (18,'comprobante_venta','','2015-06-18 12:38:01',1),(19,'comprobante_venta_detalle','','2015-06-18 12:38:01',1),(20,'tipo_documentos','','2015-06-18 12:38:01',1),(21,'tipo_moneda','','2015-06-18 12:38:01',1);
/*!40000 ALTER TABLE `tablasbasedatos` ENABLE KEYS */;
UNLOCK TABLES;

--
-- Table structure for table `tipodocumentos`
--

DROP TABLE IF EXISTS `tipodocumentos`;
/*!40101 SET @saved_cs_client     = @@character_set_client */;
/*!40101 SET character_set_client = utf8 */;
CREATE TABLE `tipodocumentos` (
  `documentosId` int(11) NOT NULL AUTO_INCREMENT,
  `codigo` varchar(3) DEFAULT NULL,
  `nombre` varchar(45) DEFAULT NULL,
  `nomRelativo` varchar(45) DEFAULT NULL,
  PRIMARY KEY (`documentosId`)
) ENGINE=InnoDB AUTO_INCREMENT=7 DEFAULT CHARSET=utf8;
/*!40101 SET character_set_client = @saved_cs_client */;

--
-- Dumping data for table `tipodocumentos`
--

LOCK TABLES `tipodocumentos` WRITE;
/*!40000 ALTER TABLE `tipodocumentos` DISABLE KEYS */;
INSERT INTO `tipodocumentos` VALUES (1,'01','Factura','factura'),(2,'03','Boltea','boleta'),(3,'07','Nota de Credito','notaCredito'),(4,'08','Nota de debito','notaDebito'),(5,'20','Documentos de Baja','bajas'),(6,'21','Resumen de Boletas','resumenBoleta');
/*!40000 ALTER TABLE `tipodocumentos` ENABLE KEYS */;
UNLOCK TABLES;

--
-- Table structure for table `ubigeo`
--

DROP TABLE IF EXISTS `ubigeo`;
/*!40101 SET @saved_cs_client     = @@character_set_client */;
/*!40101 SET character_set_client = utf8 */;
CREATE TABLE `ubigeo` (
  `IdUbigeo` int(11) NOT NULL AUTO_INCREMENT,
  `IdPais` int(5) NOT NULL,
  `CodDpto` char(2) COLLATE utf8_unicode_ci DEFAULT NULL,
  `CodProv` char(2) COLLATE utf8_unicode_ci DEFAULT NULL,
  `CodDist` char(2) COLLATE utf8_unicode_ci DEFAULT NULL,
  `Nombre` varchar(120) COLLATE utf8_unicode_ci DEFAULT NULL,
  `FCrea` datetime NOT NULL,
  `FMod` datetime DEFAULT NULL,
  `IdUserCrea` int(5) NOT NULL,
  `IdUserMod` int(5) DEFAULT NULL,
  PRIMARY KEY (`IdUbigeo`,`IdPais`),
  KEY `IdPais` (`IdPais`),
  CONSTRAINT `ubigeo_ibfk_1` FOREIGN KEY (`IdPais`) REFERENCES `paises` (`IdPais`) ON DELETE CASCADE ON UPDATE CASCADE
) ENGINE=InnoDB AUTO_INCREMENT=2054 DEFAULT CHARSET=utf8 COLLATE=utf8_unicode_ci;
/*!40101 SET character_set_client = @saved_cs_client */;

--
-- Dumping data for table `ubigeo`
--

LOCK TABLES `ubigeo` WRITE;
/*!40000 ALTER TABLE `ubigeo` DISABLE KEYS */;
INSERT INTO `ubigeo` VALUES (2,174,'01','00','00','AMAZONAS','2013-04-26 16:54:02',NULL,0,NULL),(3,174,'01','01','00','CHACHAPOYAS','2013-04-26 16:54:02',NULL,0,NULL),(4,174,'01','01','01','CHACHAPOYAS','2013-04-26 16:54:02',NULL,0,NULL),(5,174,'01','01','02','ASUNCION','2013-04-26 16:54:02',NULL,0,NULL),(6,174,'01','01','03','BALSAS','2013-04-26 16:54:02',NULL,0,NULL),(7,174,'01','01','04','CHETO','2013-04-26 16:54:02',NULL,0,NULL),(8,174,'01','01','05','CHILIQUIN','2013-04-26 16:54:02',NULL,0,NULL),(9,174,'01','01','06','CHUQUIBAMBA','2013-04-26 16:54:02',NULL,0,NULL),(10,174,'01','01','07','GRANADA','2013-04-26 16:54:02',NULL,0,NULL),(11,174,'01','01','08','HUANCAS','2013-04-26 16:54:02',NULL,0,NULL),(12,174,'01','01','09','LA JALCA','2013-04-26 16:54:02',NULL,0,NULL),(13,174,'01','01','10','LEIMEBAMBA','2013-04-26 16:54:02',NULL,0,NULL),(14,174,'01','01','11','LEVANTO','2013-04-26 16:54:02',NULL,0,NULL),(15,174,'01','01','12','MAGDALENA','2013-04-26 16:54:02',NULL,0,NULL),(16,174,'01','01','13','MARISCAL CASTILLA','2013-04-26 16:54:02',NULL,0,NULL),(17,174,'01','01','14','MOLINOPAMPA','2013-04-26 16:54:02',NULL,0,NULL),(18,174,'01','01','15','MONTEVIDEO','2013-04-26 16:54:02',NULL,0,NULL),(19,174,'01','01','16','OLLEROS','2013-04-26 16:54:02',NULL,0,NULL),(20,174,'01','01','17','QUINJALCA','2013-04-26 16:54:02',NULL,0,NULL),(21,174,'01','01','18','SAN FRANCISCO DE DAGUAS','2013-04-26 16:54:02',NULL,0,NULL),(22,174,'01','01','19','SAN ISIDRO DE MAINO','2013-04-26 16:54:02',NULL,0,NULL),(23,174,'01','01','20','SOLOCO','2013-04-26 16:54:02',NULL,0,NULL),(24,174,'01','01','21','SONCHE','2013-04-26 16:54:02',NULL,0,NULL),(25,174,'01','02','00','BAGUA','2013-04-26 16:54:02',NULL,0,NULL),(26,174,'01','02','01','LA PECA','2013-04-26 16:54:02',NULL,0,NULL),(27,174,'01','02','02','ARAMANGO','2013-04-26 16:54:02',NULL,0,NULL),(28,174,'01','02','03','COPALLIN','2013-04-26 16:54:02',NULL,0,NULL),(29,174,'01','02','04','EL PARCO','2013-04-26 16:54:02',NULL,0,NULL),(30,174,'01','02','05','IMAZA','2013-04-26 16:54:02',NULL,0,NULL),(31,174,'01','03','00','BONGARA','2013-04-26 16:54:02',NULL,0,NULL),(32,174,'01','03','01','JUMBILLA','2013-04-26 16:54:02',NULL,0,NULL),(33,174,'01','03','02','CHISQUILLA','2013-04-26 16:54:02',NULL,0,NULL),(34,174,'01','03','03','CHURUJA','2013-04-26 16:54:02',NULL,0,NULL),(35,174,'01','03','04','COROSHA','2013-04-26 16:54:02',NULL,0,NULL),(36,174,'01','03','05','CUISPES','2013-04-26 16:54:02',NULL,0,NULL),(37,174,'01','03','06','FLORIDA','2013-04-26 16:54:02',NULL,0,NULL),(38,174,'01','03','07','JAZAN','2013-04-26 16:54:02',NULL,0,NULL),(39,174,'01','03','08','RECTA','2013-04-26 16:54:02',NULL,0,NULL),(40,174,'01','03','09','SAN CARLOS','2013-04-26 16:54:02',NULL,0,NULL),(41,174,'01','03','10','SHIPASBAMBA','2013-04-26 16:54:02',NULL,0,NULL),(42,174,'01','03','11','VALERA','2013-04-26 16:54:02',NULL,0,NULL),(43,174,'01','03','12','YAMBRASBAMBA','2013-04-26 16:54:02',NULL,0,NULL),(44,174,'01','04','00','CONDORCANQUI','2013-04-26 16:54:02',NULL,0,NULL),(45,174,'01','04','01','NIEVA','2013-04-26 16:54:02',NULL,0,NULL),(46,174,'01','04','02','EL CENEPA','2013-04-26 16:54:02',NULL,0,NULL),(47,174,'01','04','03','RIO SANTIAGO','2013-04-26 16:54:02',NULL,0,NULL),(48,174,'01','05','00','LUYA','2013-04-26 16:54:02',NULL,0,NULL),(49,174,'01','05','01','LAMUD','2013-04-26 16:54:02',NULL,0,NULL),(50,174,'01','05','02','CAMPORREDONDO','2013-04-26 16:54:02',NULL,0,NULL),(51,174,'01','05','03','COCABAMBA','2013-04-26 16:54:02',NULL,0,NULL),(52,174,'01','05','04','COLCAMAR','2013-04-26 16:54:02',NULL,0,NULL),(53,174,'01','05','05','CONILA','2013-04-26 16:54:02',NULL,0,NULL),(54,174,'01','05','06','INGUILPATA','2013-04-26 16:54:02',NULL,0,NULL),(55,174,'01','05','07','LONGUITA','2013-04-26 16:54:02',NULL,0,NULL),(56,174,'01','05','08','LONYA CHICO','2013-04-26 16:54:02',NULL,0,NULL),(57,174,'01','05','09','LUYA','2013-04-26 16:54:02',NULL,0,NULL),(58,174,'01','05','10','LUYA VIEJO','2013-04-26 16:54:02',NULL,0,NULL),(59,174,'01','05','11','MARIA','2013-04-26 16:54:02',NULL,0,NULL),(60,174,'01','05','12','OCALLI','2013-04-26 16:54:02',NULL,0,NULL),(61,174,'01','05','13','OCUMAL','2013-04-26 16:54:02',NULL,0,NULL),(62,174,'01','05','14','PISUQUIA','2013-04-26 16:54:02',NULL,0,NULL),(63,174,'01','05','15','PROVIDENCIA','2013-04-26 16:54:02',NULL,0,NULL),(64,174,'01','05','16','SAN CRISTOBAL','2013-04-26 16:54:02',NULL,0,NULL),(65,174,'01','05','17','SAN FRANCISCO DEL YESO','2013-04-26 16:54:02',NULL,0,NULL),(66,174,'01','05','18','SAN JERONIMO','2013-04-26 16:54:02',NULL,0,NULL),(67,174,'01','05','19','SAN JUAN DE LOPECANCHA','2013-04-26 16:54:02',NULL,0,NULL),(68,174,'01','05','20','SANTA CATALINA','2013-04-26 16:54:02',NULL,0,NULL),(69,174,'01','05','21','SANTO TOMAS','2013-04-26 16:54:02',NULL,0,NULL),(70,174,'01','05','22','TINGO','2013-04-26 16:54:02',NULL,0,NULL),(71,174,'01','05','23','TRITA','2013-04-26 16:54:02',NULL,0,NULL),(72,174,'01','06','00','RODRIGUEZ DE MENDOZA','2013-04-26 16:54:02',NULL,0,NULL),(73,174,'01','06','01','SAN NICOLAS','2013-04-26 16:54:02',NULL,0,NULL),(74,174,'01','06','02','CHIRIMOTO','2013-04-26 16:54:02',NULL,0,NULL),(75,174,'01','06','03','COCHAMAL','2013-04-26 16:54:02',NULL,0,NULL),(76,174,'01','06','04','HUAMBO','2013-04-26 16:54:02',NULL,0,NULL),(77,174,'01','06','05','LIMABAMBA','2013-04-26 16:54:02',NULL,0,NULL),(78,174,'01','06','06','LONGAR','2013-04-26 16:54:02',NULL,0,NULL),(79,174,'01','06','07','MARISCAL BENAVIDES','2013-04-26 16:54:02',NULL,0,NULL),(80,174,'01','06','08','MILPUC','2013-04-26 16:54:02',NULL,0,NULL),(81,174,'01','06','09','OMIA','2013-04-26 16:54:02',NULL,0,NULL),(82,174,'01','06','10','SANTA ROSA','2013-04-26 16:54:02',NULL,0,NULL),(83,174,'01','06','11','TOTORA','2013-04-26 16:54:02',NULL,0,NULL),(84,174,'01','06','12','VISTA ALEGRE','2013-04-26 16:54:02',NULL,0,NULL),(85,174,'01','07','00','UTCUBAMBA','2013-04-26 16:54:02',NULL,0,NULL),(86,174,'01','07','01','BAGUA GRANDE','2013-04-26 16:54:02',NULL,0,NULL),(87,174,'01','07','02','CAJARURO','2013-04-26 16:54:02',NULL,0,NULL),(88,174,'01','07','03','CUMBA','2013-04-26 16:54:02',NULL,0,NULL),(89,174,'01','07','04','EL MILAGRO','2013-04-26 16:54:02',NULL,0,NULL),(90,174,'01','07','05','JAMALCA','2013-04-26 16:54:02',NULL,0,NULL),(91,174,'01','07','06','LONYA GRANDE','2013-04-26 16:54:02',NULL,0,NULL),(92,174,'01','07','07','YAMON','2013-04-26 16:54:02',NULL,0,NULL),(93,174,'02','00','00','ANCASH','2013-04-26 16:54:02',NULL,0,NULL),(94,174,'02','01','00','HUARAZ','2013-04-26 16:54:02',NULL,0,NULL),(95,174,'02','01','01','HUARAZ','2013-04-26 16:54:02',NULL,0,NULL),(96,174,'02','01','02','COCHABAMBA','2013-04-26 16:54:02',NULL,0,NULL),(97,174,'02','01','03','COLCABAMBA','2013-04-26 16:54:02',NULL,0,NULL),(98,174,'02','01','04','HUANCHAY','2013-04-26 16:54:02',NULL,0,NULL),(99,174,'02','01','05','INDEPENDENCIA','2013-04-26 16:54:02',NULL,0,NULL),(100,174,'02','01','06','JANGAS','2013-04-26 16:54:02',NULL,0,NULL),(101,174,'02','01','07','LA LIBERTAD','2013-04-26 16:54:02',NULL,0,NULL),(102,174,'02','01','08','OLLEROS','2013-04-26 16:54:02',NULL,0,NULL),(103,174,'02','01','09','PAMPAS','2013-04-26 16:54:02',NULL,0,NULL),(104,174,'02','01','10','PARIACOTO','2013-04-26 16:54:02',NULL,0,NULL),(105,174,'02','01','11','PIRA','2013-04-26 16:54:02',NULL,0,NULL),(106,174,'02','01','12','TARICA','2013-04-26 16:54:02',NULL,0,NULL),(107,174,'02','02','00','AIJA','2013-04-26 16:54:02',NULL,0,NULL),(108,174,'02','02','01','AIJA','2013-04-26 16:54:02',NULL,0,NULL),(109,174,'02','02','02','CORIS','2013-04-26 16:54:02',NULL,0,NULL),(110,174,'02','02','03','HUACLLAN','2013-04-26 16:54:02',NULL,0,NULL),(111,174,'02','02','04','LA MERCED','2013-04-26 16:54:02',NULL,0,NULL),(112,174,'02','02','05','SUCCHA','2013-04-26 16:54:02',NULL,0,NULL),(113,174,'02','03','00','ANTONIO RAYMONDI','2013-04-26 16:54:02',NULL,0,NULL),(114,174,'02','03','01','LLAMELLIN','2013-04-26 16:54:02',NULL,0,NULL),(115,174,'02','03','02','ACZO','2013-04-26 16:54:02',NULL,0,NULL),(116,174,'02','03','03','CHACCHO','2013-04-26 16:54:02',NULL,0,NULL),(117,174,'02','03','04','CHINGAS','2013-04-26 16:54:02',NULL,0,NULL),(118,174,'02','03','05','MIRGAS','2013-04-26 16:54:02',NULL,0,NULL),(119,174,'02','03','06','SAN JUAN DE RONTOY','2013-04-26 16:54:02',NULL,0,NULL),(120,174,'02','04','00','ASUNCION','2013-04-26 16:54:02',NULL,0,NULL),(121,174,'02','04','01','CHACAS','2013-04-26 16:54:02',NULL,0,NULL),(122,174,'02','04','02','ACOCHACA','2013-04-26 16:54:02',NULL,0,NULL),(123,174,'02','05','00','BOLOGNESI','2013-04-26 16:54:02',NULL,0,NULL),(124,174,'02','05','01','CHIQUIAN','2013-04-26 16:54:02',NULL,0,NULL),(125,174,'02','05','02','ABELARDO PARDO LEZAMETA','2013-04-26 16:54:02',NULL,0,NULL),(126,174,'02','05','03','ANTONIO RAYMONDI','2013-04-26 16:54:02',NULL,0,NULL),(127,174,'02','05','04','AQUIA','2013-04-26 16:54:02',NULL,0,NULL),(128,174,'02','05','05','CAJACAY','2013-04-26 16:54:02',NULL,0,NULL),(129,174,'02','05','06','CANIS','2013-04-26 16:54:02',NULL,0,NULL),(130,174,'02','05','07','COLQUIOC','2013-04-26 16:54:02',NULL,0,NULL),(131,174,'02','05','08','HUALLANCA','2013-04-26 16:54:02',NULL,0,NULL),(132,174,'02','05','09','HUASTA','2013-04-26 16:54:02',NULL,0,NULL),(133,174,'02','05','10','HUAYLLACAYAN','2013-04-26 16:54:02',NULL,0,NULL),(134,174,'02','05','11','LA PRIMAVERA','2013-04-26 16:54:02',NULL,0,NULL),(135,174,'02','05','12','MANGAS','2013-04-26 16:54:02',NULL,0,NULL),(136,174,'02','05','13','PACLLON','2013-04-26 16:54:02',NULL,0,NULL),(137,174,'02','05','14','SAN MIGUEL DE CORPANQUI','2013-04-26 16:54:02',NULL,0,NULL),(138,174,'02','05','15','TICLLOS','2013-04-26 16:54:02',NULL,0,NULL),(139,174,'02','06','00','CARHUAZ','2013-04-26 16:54:02',NULL,0,NULL),(140,174,'02','06','01','CARHUAZ','2013-04-26 16:54:02',NULL,0,NULL),(141,174,'02','06','02','ACOPAMPA','2013-04-26 16:54:02',NULL,0,NULL),(142,174,'02','06','03','AMASHCA','2013-04-26 16:54:02',NULL,0,NULL),(143,174,'02','06','04','ANTA','2013-04-26 16:54:02',NULL,0,NULL),(144,174,'02','06','05','ATAQUERO','2013-04-26 16:54:02',NULL,0,NULL),(145,174,'02','06','06','MARCARA','2013-04-26 16:54:02',NULL,0,NULL),(146,174,'02','06','07','PARIAHUANCA','2013-04-26 16:54:02',NULL,0,NULL),(147,174,'02','06','08','SAN MIGUEL DE ACO','2013-04-26 16:54:02',NULL,0,NULL),(148,174,'02','06','09','SHILLA','2013-04-26 16:54:02',NULL,0,NULL),(149,174,'02','06','10','TINCO','2013-04-26 16:54:02',NULL,0,NULL),(150,174,'02','06','11','YUNGAR','2013-04-26 16:54:02',NULL,0,NULL),(151,174,'02','07','00','CARLOS FERMIN FITZCARRALD','2013-04-26 16:54:02',NULL,0,NULL),(152,174,'02','07','01','SAN LUIS','2013-04-26 16:54:02',NULL,0,NULL),(153,174,'02','07','02','SAN NICOLAS','2013-04-26 16:54:02',NULL,0,NULL),(154,174,'02','07','03','YAUYA','2013-04-26 16:54:02',NULL,0,NULL),(155,174,'02','08','00','CASMA','2013-04-26 16:54:02',NULL,0,NULL),(156,174,'02','08','01','CASMA','2013-04-26 16:54:02',NULL,0,NULL),(157,174,'02','08','02','BUENA VISTA ALTA','2013-04-26 16:54:02',NULL,0,NULL),(158,174,'02','08','03','COMANDANTE NOEL','2013-04-26 16:54:02',NULL,0,NULL),(159,174,'02','08','04','YAUTAN','2013-04-26 16:54:02',NULL,0,NULL),(160,174,'02','09','00','CORONGO','2013-04-26 16:54:02',NULL,0,NULL),(161,174,'02','09','01','CORONGO','2013-04-26 16:54:02',NULL,0,NULL),(162,174,'02','09','02','ACO','2013-04-26 16:54:02',NULL,0,NULL),(163,174,'02','09','03','BAMBAS','2013-04-26 16:54:02',NULL,0,NULL),(164,174,'02','09','04','CUSCA','2013-04-26 16:54:02',NULL,0,NULL),(165,174,'02','09','05','LA PAMPA','2013-04-26 16:54:02',NULL,0,NULL),(166,174,'02','09','06','YANAC','2013-04-26 16:54:02',NULL,0,NULL),(167,174,'02','09','07','YUPAN','2013-04-26 16:54:02',NULL,0,NULL),(168,174,'02','10','00','HUARI','2013-04-26 16:54:02',NULL,0,NULL),(169,174,'02','10','01','HUARI','2013-04-26 16:54:02',NULL,0,NULL),(170,174,'02','10','02','ANRA','2013-04-26 16:54:02',NULL,0,NULL),(171,174,'02','10','03','CAJAY','2013-04-26 16:54:02',NULL,0,NULL),(172,174,'02','10','04','CHAVIN DE HUANTAR','2013-04-26 16:54:02',NULL,0,NULL),(173,174,'02','10','05','HUACACHI','2013-04-26 16:54:02',NULL,0,NULL),(174,174,'02','10','06','HUACCHIS','2013-04-26 16:54:02',NULL,0,NULL),(175,174,'02','10','07','HUACHIS','2013-04-26 16:54:02',NULL,0,NULL),(176,174,'02','10','08','HUANTAR','2013-04-26 16:54:02',NULL,0,NULL),(177,174,'02','10','09','MASIN','2013-04-26 16:54:02',NULL,0,NULL),(178,174,'02','10','10','PAUCAS','2013-04-26 16:54:02',NULL,0,NULL),(179,174,'02','10','11','PONTO','2013-04-26 16:54:02',NULL,0,NULL),(180,174,'02','10','12','RAHUAPAMPA','2013-04-26 16:54:02',NULL,0,NULL),(181,174,'02','10','13','RAPAYAN','2013-04-26 16:54:02',NULL,0,NULL),(182,174,'02','10','14','SAN MARCOS','2013-04-26 16:54:02',NULL,0,NULL),(183,174,'02','10','15','SAN PEDRO DE CHANA','2013-04-26 16:54:02',NULL,0,NULL),(184,174,'02','10','16','UCO','2013-04-26 16:54:02',NULL,0,NULL),(185,174,'02','11','00','HUARMEY','2013-04-26 16:54:02',NULL,0,NULL),(186,174,'02','11','01','HUARMEY','2013-04-26 16:54:02',NULL,0,NULL),(187,174,'02','11','02','COCHAPETI','2013-04-26 16:54:02',NULL,0,NULL),(188,174,'02','11','03','CULEBRAS','2013-04-26 16:54:02',NULL,0,NULL),(189,174,'02','11','04','HUAYAN','2013-04-26 16:54:02',NULL,0,NULL),(190,174,'02','11','05','MALVAS','2013-04-26 16:54:02',NULL,0,NULL),(191,174,'02','12','00','HUAYLAS','2013-04-26 16:54:02',NULL,0,NULL),(192,174,'02','12','01','CARAZ','2013-04-26 16:54:02',NULL,0,NULL),(193,174,'02','12','02','HUALLANCA','2013-04-26 16:54:02',NULL,0,NULL),(194,174,'02','12','03','HUATA','2013-04-26 16:54:02',NULL,0,NULL),(195,174,'02','12','04','HUAYLAS','2013-04-26 16:54:02',NULL,0,NULL),(196,174,'02','12','05','MATO','2013-04-26 16:54:02',NULL,0,NULL),(197,174,'02','12','06','PAMPAROMAS','2013-04-26 16:54:02',NULL,0,NULL),(198,174,'02','12','07','PUEBLO LIBRE','2013-04-26 16:54:02',NULL,0,NULL),(199,174,'02','12','08','SANTA CRUZ','2013-04-26 16:54:02',NULL,0,NULL),(200,174,'02','12','09','SANTO TORIBIO','2013-04-26 16:54:02',NULL,0,NULL),(201,174,'02','12','10','YURACMARCA','2013-04-26 16:54:02',NULL,0,NULL),(202,174,'02','13','00','MARISCAL LUZURIAGA','2013-04-26 16:54:02',NULL,0,NULL),(203,174,'02','13','01','PISCOBAMBA','2013-04-26 16:54:02',NULL,0,NULL),(204,174,'02','13','02','CASCA','2013-04-26 16:54:02',NULL,0,NULL),(205,174,'02','13','03','ELEAZAR GUZMAN BARRON','2013-04-26 16:54:02',NULL,0,NULL),(206,174,'02','13','04','FIDEL OLIVAS ESCUDERO','2013-04-26 16:54:02',NULL,0,NULL),(207,174,'02','13','05','LLAMA','2013-04-26 16:54:02',NULL,0,NULL),(208,174,'02','13','06','LLUMPA','2013-04-26 16:54:02',NULL,0,NULL),(209,174,'02','13','07','LUCMA','2013-04-26 16:54:02',NULL,0,NULL),(210,174,'02','13','08','MUSGA','2013-04-26 16:54:02',NULL,0,NULL),(211,174,'02','14','00','OCROS','2013-04-26 16:54:02',NULL,0,NULL),(212,174,'02','14','01','OCROS','2013-04-26 16:54:02',NULL,0,NULL),(213,174,'02','14','02','ACAS','2013-04-26 16:54:02',NULL,0,NULL),(214,174,'02','14','03','CAJAMARQUILLA','2013-04-26 16:54:02',NULL,0,NULL),(215,174,'02','14','04','CARHUAPAMPA','2013-04-26 16:54:02',NULL,0,NULL),(216,174,'02','14','05','COCHAS','2013-04-26 16:54:02',NULL,0,NULL),(217,174,'02','14','06','CONGAS','2013-04-26 16:54:02',NULL,0,NULL),(218,174,'02','14','07','LLIPA','2013-04-26 16:54:02',NULL,0,NULL),(219,174,'02','14','08','SAN CRISTOBAL DE RAJAN','2013-04-26 16:54:02',NULL,0,NULL),(220,174,'02','14','09','SAN PEDRO','2013-04-26 16:54:02',NULL,0,NULL),(221,174,'02','14','10','SANTIAGO DE CHILCAS','2013-04-26 16:54:02',NULL,0,NULL),(222,174,'02','15','00','PALLASCA','2013-04-26 16:54:02',NULL,0,NULL),(223,174,'02','15','01','CABANA','2013-04-26 16:54:02',NULL,0,NULL),(224,174,'02','15','02','BOLOGNESI','2013-04-26 16:54:02',NULL,0,NULL),(225,174,'02','15','03','CONCHUCOS','2013-04-26 16:54:02',NULL,0,NULL),(226,174,'02','15','04','HUACASCHUQUE','2013-04-26 16:54:02',NULL,0,NULL),(227,174,'02','15','05','HUANDOVAL','2013-04-26 16:54:02',NULL,0,NULL),(228,174,'02','15','06','LACABAMBA','2013-04-26 16:54:02',NULL,0,NULL),(229,174,'02','15','07','LLAPO','2013-04-26 16:54:02',NULL,0,NULL),(230,174,'02','15','08','PALLASCA','2013-04-26 16:54:02',NULL,0,NULL),(231,174,'02','15','09','PAMPAS','2013-04-26 16:54:02',NULL,0,NULL),(232,174,'02','15','10','SANTA ROSA','2013-04-26 16:54:02',NULL,0,NULL),(233,174,'02','15','11','TAUCA','2013-04-26 16:54:02',NULL,0,NULL),(234,174,'02','16','00','POMABAMBA','2013-04-26 16:54:02',NULL,0,NULL),(235,174,'02','16','01','POMABAMBA','2013-04-26 16:54:02',NULL,0,NULL),(236,174,'02','16','02','HUAYLLAN','2013-04-26 16:54:02',NULL,0,NULL),(237,174,'02','16','03','PAROBAMBA','2013-04-26 16:54:02',NULL,0,NULL),(238,174,'02','16','04','QUINUABAMBA','2013-04-26 16:54:02',NULL,0,NULL),(239,174,'02','17','00','RECUAY','2013-04-26 16:54:02',NULL,0,NULL),(240,174,'02','17','01','RECUAY','2013-04-26 16:54:02',NULL,0,NULL),(241,174,'02','17','02','CATAC','2013-04-26 16:54:02',NULL,0,NULL),(242,174,'02','17','03','COTAPARACO','2013-04-26 16:54:02',NULL,0,NULL),(243,174,'02','17','04','HUAYLLAPAMPA','2013-04-26 16:54:02',NULL,0,NULL),(244,174,'02','17','05','LLACLLIN','2013-04-26 16:54:02',NULL,0,NULL),(245,174,'02','17','06','MARCA','2013-04-26 16:54:02',NULL,0,NULL),(246,174,'02','17','07','PAMPAS CHICO','2013-04-26 16:54:02',NULL,0,NULL),(247,174,'02','17','08','PARARIN','2013-04-26 16:54:02',NULL,0,NULL),(248,174,'02','17','09','TAPACOCHA','2013-04-26 16:54:02',NULL,0,NULL),(249,174,'02','17','10','TICAPAMPA','2013-04-26 16:54:02',NULL,0,NULL),(250,174,'02','18','00','SANTA','2013-04-26 16:54:02',NULL,0,NULL),(251,174,'02','18','01','CHIMBOTE','2013-04-26 16:54:02',NULL,0,NULL),(252,174,'02','18','02','CACERES DEL PERU','2013-04-26 16:54:02',NULL,0,NULL),(253,174,'02','18','03','COISHCO','2013-04-26 16:54:02',NULL,0,NULL),(254,174,'02','18','04','MACATE','2013-04-26 16:54:02',NULL,0,NULL),(255,174,'02','18','05','MORO','2013-04-26 16:54:02',NULL,0,NULL),(256,174,'02','18','06','NEPE?A','2013-04-26 16:54:02',NULL,0,NULL),(257,174,'02','18','07','SAMANCO','2013-04-26 16:54:02',NULL,0,NULL),(258,174,'02','18','08','SANTA','2013-04-26 16:54:02',NULL,0,NULL),(259,174,'02','18','09','NUEVO CHIMBOTE','2013-04-26 16:54:02',NULL,0,NULL),(260,174,'02','19','00','SIHUAS','2013-04-26 16:54:02',NULL,0,NULL),(261,174,'02','19','01','SIHUAS','2013-04-26 16:54:02',NULL,0,NULL),(262,174,'02','19','02','ACOBAMBA','2013-04-26 16:54:02',NULL,0,NULL),(263,174,'02','19','03','ALFONSO UGARTE','2013-04-26 16:54:02',NULL,0,NULL),(264,174,'02','19','04','CASHAPAMPA','2013-04-26 16:54:02',NULL,0,NULL),(265,174,'02','19','05','CHINGALPO','2013-04-26 16:54:02',NULL,0,NULL),(266,174,'02','19','06','HUAYLLABAMBA','2013-04-26 16:54:02',NULL,0,NULL),(267,174,'02','19','07','QUICHES','2013-04-26 16:54:02',NULL,0,NULL),(268,174,'02','19','08','RAGASH','2013-04-26 16:54:02',NULL,0,NULL),(269,174,'02','19','09','SAN JUAN','2013-04-26 16:54:02',NULL,0,NULL),(270,174,'02','19','10','SICSIBAMBA','2013-04-26 16:54:02',NULL,0,NULL),(271,174,'02','20','00','YUNGAY','2013-04-26 16:54:02',NULL,0,NULL),(272,174,'02','20','01','YUNGAY','2013-04-26 16:54:02',NULL,0,NULL),(273,174,'02','20','02','CASCAPARA','2013-04-26 16:54:02',NULL,0,NULL),(274,174,'02','20','03','MANCOS','2013-04-26 16:54:02',NULL,0,NULL),(275,174,'02','20','04','MATACOTO','2013-04-26 16:54:02',NULL,0,NULL),(276,174,'02','20','05','QUILLO','2013-04-26 16:54:02',NULL,0,NULL),(277,174,'02','20','06','RANRAHIRCA','2013-04-26 16:54:02',NULL,0,NULL),(278,174,'02','20','07','SHUPLUY','2013-04-26 16:54:02',NULL,0,NULL),(279,174,'02','20','08','YANAMA','2013-04-26 16:54:02',NULL,0,NULL),(280,174,'03','00','00','APURIMAC','2013-04-26 16:54:02',NULL,0,NULL),(281,174,'03','01','00','ABANCAY','2013-04-26 16:54:02',NULL,0,NULL),(282,174,'03','01','01','ABANCAY','2013-04-26 16:54:02',NULL,0,NULL),(283,174,'03','01','02','CHACOCHE','2013-04-26 16:54:02',NULL,0,NULL),(284,174,'03','01','03','CIRCA','2013-04-26 16:54:02',NULL,0,NULL),(285,174,'03','01','04','CURAHUASI','2013-04-26 16:54:02',NULL,0,NULL),(286,174,'03','01','05','HUANIPACA','2013-04-26 16:54:02',NULL,0,NULL),(287,174,'03','01','06','LAMBRAMA','2013-04-26 16:54:02',NULL,0,NULL),(288,174,'03','01','07','PICHIRHUA','2013-04-26 16:54:02',NULL,0,NULL),(289,174,'03','01','08','SAN PEDRO DE CACHORA','2013-04-26 16:54:02',NULL,0,NULL),(290,174,'03','01','09','TAMBURCO','2013-04-26 16:54:02',NULL,0,NULL),(291,174,'03','02','00','ANDAHUAYLAS','2013-04-26 16:54:02',NULL,0,NULL),(292,174,'03','02','01','ANDAHUAYLAS','2013-04-26 16:54:02',NULL,0,NULL),(293,174,'03','02','02','ANDARAPA','2013-04-26 16:54:02',NULL,0,NULL),(294,174,'03','02','03','CHIARA','2013-04-26 16:54:02',NULL,0,NULL),(295,174,'03','02','04','HUANCARAMA','2013-04-26 16:54:02',NULL,0,NULL),(296,174,'03','02','05','HUANCARAY','2013-04-26 16:54:02',NULL,0,NULL),(297,174,'03','02','06','HUAYANA','2013-04-26 16:54:02',NULL,0,NULL),(298,174,'03','02','07','KISHUARA','2013-04-26 16:54:02',NULL,0,NULL),(299,174,'03','02','08','PACOBAMBA','2013-04-26 16:54:02',NULL,0,NULL),(300,174,'03','02','09','PACUCHA','2013-04-26 16:54:02',NULL,0,NULL),(301,174,'03','02','10','PAMPACHIRI','2013-04-26 16:54:02',NULL,0,NULL),(302,174,'03','02','11','POMACOCHA','2013-04-26 16:54:02',NULL,0,NULL),(303,174,'03','02','12','SAN ANTONIO DE CACHI','2013-04-26 16:54:02',NULL,0,NULL),(304,174,'03','02','13','SAN JERONIMO','2013-04-26 16:54:02',NULL,0,NULL),(305,174,'03','02','14','SAN MIGUEL DE CHACCRAMPA','2013-04-26 16:54:02',NULL,0,NULL),(306,174,'03','02','15','SANTA MARIA DE CHICMO','2013-04-26 16:54:02',NULL,0,NULL),(307,174,'03','02','16','TALAVERA','2013-04-26 16:54:02',NULL,0,NULL),(308,174,'03','02','17','TUMAY HUARACA','2013-04-26 16:54:02',NULL,0,NULL),(309,174,'03','02','18','TURPO','2013-04-26 16:54:02',NULL,0,NULL),(310,174,'03','02','19','KAQUIABAMBA','2013-04-26 16:54:02',NULL,0,NULL),(311,174,'03','03','00','ANTABAMBA','2013-04-26 16:54:02',NULL,0,NULL),(312,174,'03','03','01','ANTABAMBA','2013-04-26 16:54:02',NULL,0,NULL),(313,174,'03','03','02','EL ORO','2013-04-26 16:54:02',NULL,0,NULL),(314,174,'03','03','03','HUAQUIRCA','2013-04-26 16:54:02',NULL,0,NULL),(315,174,'03','03','04','JUAN ESPINOZA MEDRANO','2013-04-26 16:54:02',NULL,0,NULL),(316,174,'03','03','05','OROPESA','2013-04-26 16:54:02',NULL,0,NULL),(317,174,'03','03','06','PACHACONAS','2013-04-26 16:54:02',NULL,0,NULL),(318,174,'03','03','07','SABAINO','2013-04-26 16:54:02',NULL,0,NULL),(319,174,'03','04','00','AYMARAES','2013-04-26 16:54:02',NULL,0,NULL),(320,174,'03','04','01','CHALHUANCA','2013-04-26 16:54:02',NULL,0,NULL),(321,174,'03','04','02','CAPAYA','2013-04-26 16:54:02',NULL,0,NULL),(322,174,'03','04','03','CARAYBAMBA','2013-04-26 16:54:02',NULL,0,NULL),(323,174,'03','04','04','CHAPIMARCA','2013-04-26 16:54:02',NULL,0,NULL),(324,174,'03','04','05','COLCABAMBA','2013-04-26 16:54:02',NULL,0,NULL),(325,174,'03','04','06','COTARUSE','2013-04-26 16:54:02',NULL,0,NULL),(326,174,'03','04','07','HUAYLLO','2013-04-26 16:54:02',NULL,0,NULL),(327,174,'03','04','08','JUSTO APU SAHUARAURA','2013-04-26 16:54:02',NULL,0,NULL),(328,174,'03','04','09','LUCRE','2013-04-26 16:54:02',NULL,0,NULL),(329,174,'03','04','10','POCOHUANCA','2013-04-26 16:54:02',NULL,0,NULL),(330,174,'03','04','11','SAN JUAN DE CHAC?A','2013-04-26 16:54:02',NULL,0,NULL),(331,174,'03','04','12','SA?AYCA','2013-04-26 16:54:02',NULL,0,NULL),(332,174,'03','04','13','SORAYA','2013-04-26 16:54:02',NULL,0,NULL),(333,174,'03','04','14','TAPAIRIHUA','2013-04-26 16:54:02',NULL,0,NULL),(334,174,'03','04','15','TINTAY','2013-04-26 16:54:02',NULL,0,NULL),(335,174,'03','04','16','TORAYA','2013-04-26 16:54:02',NULL,0,NULL),(336,174,'03','04','17','YANACA','2013-04-26 16:54:02',NULL,0,NULL),(337,174,'03','05','00','COTABAMBAS','2013-04-26 16:54:02',NULL,0,NULL),(338,174,'03','05','01','TAMBOBAMBA','2013-04-26 16:54:02',NULL,0,NULL),(339,174,'03','05','02','COTABAMBAS','2013-04-26 16:54:02',NULL,0,NULL),(340,174,'03','05','03','COYLLURQUI','2013-04-26 16:54:02',NULL,0,NULL),(341,174,'03','05','04','HAQUIRA','2013-04-26 16:54:02',NULL,0,NULL),(342,174,'03','05','05','MARA','2013-04-26 16:54:02',NULL,0,NULL),(343,174,'03','05','06','CHALLHUAHUACHO','2013-04-26 16:54:02',NULL,0,NULL),(344,174,'03','06','00','CHINCHEROS','2013-04-26 16:54:02',NULL,0,NULL),(345,174,'03','06','01','CHINCHEROS','2013-04-26 16:54:02',NULL,0,NULL),(346,174,'03','06','02','ANCO_HUALLO','2013-04-26 16:54:02',NULL,0,NULL),(347,174,'03','06','03','COCHARCAS','2013-04-26 16:54:02',NULL,0,NULL),(348,174,'03','06','04','HUACCANA','2013-04-26 16:54:02',NULL,0,NULL),(349,174,'03','06','05','OCOBAMBA','2013-04-26 16:54:02',NULL,0,NULL),(350,174,'03','06','06','ONGOY','2013-04-26 16:54:02',NULL,0,NULL),(351,174,'03','06','07','URANMARCA','2013-04-26 16:54:02',NULL,0,NULL),(352,174,'03','06','08','RANRACANCHA','2013-04-26 16:54:02',NULL,0,NULL),(353,174,'03','07','00','GRAU','2013-04-26 16:54:02',NULL,0,NULL),(354,174,'03','07','01','CHUQUIBAMBILLA','2013-04-26 16:54:02',NULL,0,NULL),(355,174,'03','07','02','CURPAHUASI','2013-04-26 16:54:02',NULL,0,NULL),(356,174,'03','07','03','GAMARRA','2013-04-26 16:54:02',NULL,0,NULL),(357,174,'03','07','04','HUAYLLATI','2013-04-26 16:54:02',NULL,0,NULL),(358,174,'03','07','05','MAMARA','2013-04-26 16:54:02',NULL,0,NULL),(359,174,'03','07','06','MICAELA BASTIDAS','2013-04-26 16:54:02',NULL,0,NULL),(360,174,'03','07','07','PATAYPAMPA','2013-04-26 16:54:02',NULL,0,NULL),(361,174,'03','07','08','PROGRESO','2013-04-26 16:54:02',NULL,0,NULL),(362,174,'03','07','09','SAN ANTONIO','2013-04-26 16:54:02',NULL,0,NULL),(363,174,'03','07','10','SANTA ROSA','2013-04-26 16:54:02',NULL,0,NULL),(364,174,'03','07','11','TURPAY','2013-04-26 16:54:02',NULL,0,NULL),(365,174,'03','07','12','VILCABAMBA','2013-04-26 16:54:02',NULL,0,NULL),(366,174,'03','07','13','VIRUNDO','2013-04-26 16:54:02',NULL,0,NULL),(367,174,'03','07','14','CURASCO','2013-04-26 16:54:02',NULL,0,NULL),(368,174,'04','00','00','AREQUIPA','2013-04-26 16:54:02',NULL,0,NULL),(369,174,'04','01','00','AREQUIPA','2013-04-26 16:54:02',NULL,0,NULL),(370,174,'04','01','01','AREQUIPA','2013-04-26 16:54:02',NULL,0,NULL),(371,174,'04','01','02','ALTO SELVA ALEGRE','2013-04-26 16:54:02',NULL,0,NULL),(372,174,'04','01','03','CAYMA','2013-04-26 16:54:02',NULL,0,NULL),(373,174,'04','01','04','CERRO COLORADO','2013-04-26 16:54:02',NULL,0,NULL),(374,174,'04','01','05','CHARACATO','2013-04-26 16:54:02',NULL,0,NULL),(375,174,'04','01','06','CHIGUATA','2013-04-26 16:54:02',NULL,0,NULL),(376,174,'04','01','07','JACOBO HUNTER','2013-04-26 16:54:02',NULL,0,NULL),(377,174,'04','01','08','LA JOYA','2013-04-26 16:54:02',NULL,0,NULL),(378,174,'04','01','09','MARIANO MELGAR','2013-04-26 16:54:02',NULL,0,NULL),(379,174,'04','01','10','MIRAFLORES','2013-04-26 16:54:02',NULL,0,NULL),(380,174,'04','01','11','MOLLEBAYA','2013-04-26 16:54:02',NULL,0,NULL),(381,174,'04','01','12','PAUCARPATA','2013-04-26 16:54:02',NULL,0,NULL),(382,174,'04','01','13','POCSI','2013-04-26 16:54:02',NULL,0,NULL),(383,174,'04','01','14','POLOBAYA','2013-04-26 16:54:02',NULL,0,NULL),(384,174,'04','01','15','QUEQUE?A','2013-04-26 16:54:02',NULL,0,NULL),(385,174,'04','01','16','SABANDIA','2013-04-26 16:54:02',NULL,0,NULL),(386,174,'04','01','17','SACHACA','2013-04-26 16:54:02',NULL,0,NULL),(387,174,'04','01','18','SAN JUAN DE SIGUAS','2013-04-26 16:54:02',NULL,0,NULL),(388,174,'04','01','19','SAN JUAN DE TARUCANI','2013-04-26 16:54:02',NULL,0,NULL),(389,174,'04','01','20','SANTA ISABEL DE SIGUAS','2013-04-26 16:54:02',NULL,0,NULL),(390,174,'04','01','21','SANTA RITA DE SIGUAS','2013-04-26 16:54:02',NULL,0,NULL),(391,174,'04','01','22','SOCABAYA','2013-04-26 16:54:02',NULL,0,NULL),(392,174,'04','01','23','TIABAYA','2013-04-26 16:54:02',NULL,0,NULL),(393,174,'04','01','24','UCHUMAYO','2013-04-26 16:54:02',NULL,0,NULL),(394,174,'04','01','25','VITOR','2013-04-26 16:54:02',NULL,0,NULL),(395,174,'04','01','26','YANAHUARA','2013-04-26 16:54:02',NULL,0,NULL),(396,174,'04','01','27','YARABAMBA','2013-04-26 16:54:02',NULL,0,NULL),(397,174,'04','01','28','YURA','2013-04-26 16:54:02',NULL,0,NULL),(398,174,'04','01','29','JOSE LUIS BUSTAMANTE Y RIVERO','2013-04-26 16:54:02',NULL,0,NULL),(399,174,'04','02','00','CAMANA','2013-04-26 16:54:02',NULL,0,NULL),(400,174,'04','02','01','CAMANA','2013-04-26 16:54:02',NULL,0,NULL),(401,174,'04','02','02','JOSE MARIA QUIMPER','2013-04-26 16:54:02',NULL,0,NULL),(402,174,'04','02','03','MARIANO NICOLAS VALCARCEL','2013-04-26 16:54:02',NULL,0,NULL),(403,174,'04','02','04','MARISCAL CACERES','2013-04-26 16:54:02',NULL,0,NULL),(404,174,'04','02','05','NICOLAS DE PIEROLA','2013-04-26 16:54:02',NULL,0,NULL),(405,174,'04','02','06','OCO?A','2013-04-26 16:54:02',NULL,0,NULL),(406,174,'04','02','07','QUILCA','2013-04-26 16:54:02',NULL,0,NULL),(407,174,'04','02','08','SAMUEL PASTOR','2013-04-26 16:54:02',NULL,0,NULL),(408,174,'04','03','00','CARAVELI','2013-04-26 16:54:02',NULL,0,NULL),(409,174,'04','03','01','CARAVELI','2013-04-26 16:54:02',NULL,0,NULL),(410,174,'04','03','02','ACARI','2013-04-26 16:54:02',NULL,0,NULL),(411,174,'04','03','03','ATICO','2013-04-26 16:54:02',NULL,0,NULL),(412,174,'04','03','04','ATIQUIPA','2013-04-26 16:54:02',NULL,0,NULL),(413,174,'04','03','05','BELLA UNION','2013-04-26 16:54:02',NULL,0,NULL),(414,174,'04','03','06','CAHUACHO','2013-04-26 16:54:02',NULL,0,NULL),(415,174,'04','03','07','CHALA','2013-04-26 16:54:02',NULL,0,NULL),(416,174,'04','03','08','CHAPARRA','2013-04-26 16:54:02',NULL,0,NULL),(417,174,'04','03','09','HUANUHUANU','2013-04-26 16:54:02',NULL,0,NULL),(418,174,'04','03','10','JAQUI','2013-04-26 16:54:02',NULL,0,NULL),(419,174,'04','03','11','LOMAS','2013-04-26 16:54:02',NULL,0,NULL),(420,174,'04','03','12','QUICACHA','2013-04-26 16:54:02',NULL,0,NULL),(421,174,'04','03','13','YAUCA','2013-04-26 16:54:02',NULL,0,NULL),(422,174,'04','04','00','CASTILLA','2013-04-26 16:54:02',NULL,0,NULL),(423,174,'04','04','01','APLAO','2013-04-26 16:54:02',NULL,0,NULL),(424,174,'04','04','02','ANDAGUA','2013-04-26 16:54:02',NULL,0,NULL),(425,174,'04','04','03','AYO','2013-04-26 16:54:02',NULL,0,NULL),(426,174,'04','04','04','CHACHAS','2013-04-26 16:54:02',NULL,0,NULL),(427,174,'04','04','05','CHILCAYMARCA','2013-04-26 16:54:02',NULL,0,NULL),(428,174,'04','04','06','CHOCO','2013-04-26 16:54:02',NULL,0,NULL),(429,174,'04','04','07','HUANCARQUI','2013-04-26 16:54:02',NULL,0,NULL),(430,174,'04','04','08','MACHAGUAY','2013-04-26 16:54:02',NULL,0,NULL),(431,174,'04','04','09','ORCOPAMPA','2013-04-26 16:54:02',NULL,0,NULL),(432,174,'04','04','10','PAMPACOLCA','2013-04-26 16:54:02',NULL,0,NULL),(433,174,'04','04','11','TIPAN','2013-04-26 16:54:02',NULL,0,NULL),(434,174,'04','04','12','U?ON','2013-04-26 16:54:02',NULL,0,NULL),(435,174,'04','04','13','URACA','2013-04-26 16:54:02',NULL,0,NULL),(436,174,'04','04','14','VIRACO','2013-04-26 16:54:02',NULL,0,NULL),(437,174,'04','05','00','CAYLLOMA','2013-04-26 16:54:02',NULL,0,NULL),(438,174,'04','05','01','CHIVAY','2013-04-26 16:54:02',NULL,0,NULL),(439,174,'04','05','02','ACHOMA','2013-04-26 16:54:02',NULL,0,NULL),(440,174,'04','05','03','CABANACONDE','2013-04-26 16:54:02',NULL,0,NULL),(441,174,'04','05','04','CALLALLI','2013-04-26 16:54:02',NULL,0,NULL),(442,174,'04','05','05','CAYLLOMA','2013-04-26 16:54:02',NULL,0,NULL),(443,174,'04','05','06','COPORAQUE','2013-04-26 16:54:02',NULL,0,NULL),(444,174,'04','05','07','HUAMBO','2013-04-26 16:54:02',NULL,0,NULL),(445,174,'04','05','08','HUANCA','2013-04-26 16:54:02',NULL,0,NULL),(446,174,'04','05','09','ICHUPAMPA','2013-04-26 16:54:02',NULL,0,NULL),(447,174,'04','05','10','LARI','2013-04-26 16:54:02',NULL,0,NULL),(448,174,'04','05','11','LLUTA','2013-04-26 16:54:02',NULL,0,NULL),(449,174,'04','05','12','MACA','2013-04-26 16:54:02',NULL,0,NULL),(450,174,'04','05','13','MADRIGAL','2013-04-26 16:54:02',NULL,0,NULL),(451,174,'04','05','14','SAN ANTONIO DE CHUCA','2013-04-26 16:54:02',NULL,0,NULL),(452,174,'04','05','15','SIBAYO','2013-04-26 16:54:02',NULL,0,NULL),(453,174,'04','05','16','TAPAY','2013-04-26 16:54:02',NULL,0,NULL),(454,174,'04','05','17','TISCO','2013-04-26 16:54:02',NULL,0,NULL),(455,174,'04','05','18','TUTI','2013-04-26 16:54:02',NULL,0,NULL),(456,174,'04','05','19','YANQUE','2013-04-26 16:54:02',NULL,0,NULL),(457,174,'04','05','20','MAJES','2013-04-26 16:54:02',NULL,0,NULL),(458,174,'04','06','00','CONDESUYOS','2013-04-26 16:54:02',NULL,0,NULL),(459,174,'04','06','01','CHUQUIBAMBA','2013-04-26 16:54:02',NULL,0,NULL),(460,174,'04','06','02','ANDARAY','2013-04-26 16:54:02',NULL,0,NULL),(461,174,'04','06','03','CAYARANI','2013-04-26 16:54:02',NULL,0,NULL),(462,174,'04','06','04','CHICHAS','2013-04-26 16:54:02',NULL,0,NULL),(463,174,'04','06','05','IRAY','2013-04-26 16:54:02',NULL,0,NULL),(464,174,'04','06','06','RIO GRANDE','2013-04-26 16:54:02',NULL,0,NULL),(465,174,'04','06','07','SALAMANCA','2013-04-26 16:54:02',NULL,0,NULL),(466,174,'04','06','08','YANAQUIHUA','2013-04-26 16:54:02',NULL,0,NULL),(467,174,'04','07','00','ISLAY','2013-04-26 16:54:02',NULL,0,NULL),(468,174,'04','07','01','MOLLENDO','2013-04-26 16:54:02',NULL,0,NULL),(469,174,'04','07','02','COCACHACRA','2013-04-26 16:54:02',NULL,0,NULL),(470,174,'04','07','03','DEAN VALDIVIA','2013-04-26 16:54:02',NULL,0,NULL),(471,174,'04','07','04','ISLAY','2013-04-26 16:54:02',NULL,0,NULL),(472,174,'04','07','05','MEJIA','2013-04-26 16:54:02',NULL,0,NULL),(473,174,'04','07','06','PUNTA DE BOMBON','2013-04-26 16:54:02',NULL,0,NULL),(474,174,'04','08','00','LA UNION','2013-04-26 16:54:02',NULL,0,NULL),(475,174,'04','08','01','COTAHUASI','2013-04-26 16:54:02',NULL,0,NULL),(476,174,'04','08','02','ALCA','2013-04-26 16:54:02',NULL,0,NULL),(477,174,'04','08','03','CHARCANA','2013-04-26 16:54:02',NULL,0,NULL),(478,174,'04','08','04','HUAYNACOTAS','2013-04-26 16:54:02',NULL,0,NULL),(479,174,'04','08','05','PAMPAMARCA','2013-04-26 16:54:02',NULL,0,NULL),(480,174,'04','08','06','PUYCA','2013-04-26 16:54:02',NULL,0,NULL),(481,174,'04','08','07','QUECHUALLA','2013-04-26 16:54:02',NULL,0,NULL),(482,174,'04','08','08','SAYLA','2013-04-26 16:54:02',NULL,0,NULL),(483,174,'04','08','09','TAURIA','2013-04-26 16:54:02',NULL,0,NULL),(484,174,'04','08','10','TOMEPAMPA','2013-04-26 16:54:02',NULL,0,NULL),(485,174,'04','08','11','TORO','2013-04-26 16:54:02',NULL,0,NULL),(486,174,'05','00','00','AYACUCHO','2013-04-26 16:54:02',NULL,0,NULL),(487,174,'05','01','00','HUAMANGA','2013-04-26 16:54:02',NULL,0,NULL),(488,174,'05','01','01','AYACUCHO','2013-04-26 16:54:02',NULL,0,NULL),(489,174,'05','01','02','ACOCRO','2013-04-26 16:54:02',NULL,0,NULL),(490,174,'05','01','03','ACOS VINCHOS','2013-04-26 16:54:02',NULL,0,NULL),(491,174,'05','01','04','CARMEN ALTO','2013-04-26 16:54:02',NULL,0,NULL),(492,174,'05','01','05','CHIARA','2013-04-26 16:54:02',NULL,0,NULL),(493,174,'05','01','06','OCROS','2013-04-26 16:54:02',NULL,0,NULL),(494,174,'05','01','07','PACAYCASA','2013-04-26 16:54:02',NULL,0,NULL),(495,174,'05','01','08','QUINUA','2013-04-26 16:54:02',NULL,0,NULL),(496,174,'05','01','09','SAN JOSE DE TICLLAS','2013-04-26 16:54:02',NULL,0,NULL),(497,174,'05','01','10','SAN JUAN BAUTISTA','2013-04-26 16:54:02',NULL,0,NULL),(498,174,'05','01','11','SANTIAGO DE PISCHA','2013-04-26 16:54:02',NULL,0,NULL),(499,174,'05','01','12','SOCOS','2013-04-26 16:54:02',NULL,0,NULL),(500,174,'05','01','13','TAMBILLO','2013-04-26 16:54:02',NULL,0,NULL),(501,174,'05','01','14','VINCHOS','2013-04-26 16:54:02',NULL,0,NULL),(502,174,'05','01','15','JESUS NAZARENO','2013-04-26 16:54:02',NULL,0,NULL),(503,174,'05','02','00','CANGALLO','2013-04-26 16:54:02',NULL,0,NULL),(504,174,'05','02','01','CANGALLO','2013-04-26 16:54:02',NULL,0,NULL),(505,174,'05','02','02','CHUSCHI','2013-04-26 16:54:02',NULL,0,NULL),(506,174,'05','02','03','LOS MOROCHUCOS','2013-04-26 16:54:02',NULL,0,NULL),(507,174,'05','02','04','MARIA PARADO DE BELLIDO','2013-04-26 16:54:02',NULL,0,NULL),(508,174,'05','02','05','PARAS','2013-04-26 16:54:02',NULL,0,NULL),(509,174,'05','02','06','TOTOS','2013-04-26 16:54:02',NULL,0,NULL),(510,174,'05','03','00','HUANCA SANCOS','2013-04-26 16:54:02',NULL,0,NULL),(511,174,'05','03','01','SANCOS','2013-04-26 16:54:02',NULL,0,NULL),(512,174,'05','03','02','CARAPO','2013-04-26 16:54:02',NULL,0,NULL),(513,174,'05','03','03','SACSAMARCA','2013-04-26 16:54:02',NULL,0,NULL),(514,174,'05','03','04','SANTIAGO DE LUCANAMARCA','2013-04-26 16:54:02',NULL,0,NULL),(515,174,'05','04','00','HUANTA','2013-04-26 16:54:02',NULL,0,NULL),(516,174,'05','04','01','HUANTA','2013-04-26 16:54:02',NULL,0,NULL),(517,174,'05','04','02','AYAHUANCO','2013-04-26 16:54:02',NULL,0,NULL),(518,174,'05','04','03','HUAMANGUILLA','2013-04-26 16:54:02',NULL,0,NULL),(519,174,'05','04','04','IGUAIN','2013-04-26 16:54:02',NULL,0,NULL),(520,174,'05','04','05','LURICOCHA','2013-04-26 16:54:02',NULL,0,NULL),(521,174,'05','04','06','SANTILLANA','2013-04-26 16:54:02',NULL,0,NULL),(522,174,'05','04','07','SIVIA','2013-04-26 16:54:02',NULL,0,NULL),(523,174,'05','04','08','LLOCHEGUA','2013-04-26 16:54:02',NULL,0,NULL),(524,174,'05','05','00','LA MAR','2013-04-26 16:54:02',NULL,0,NULL),(525,174,'05','05','01','SAN MIGUEL','2013-04-26 16:54:02',NULL,0,NULL),(526,174,'05','05','02','ANCO','2013-04-26 16:54:02',NULL,0,NULL),(527,174,'05','05','03','AYNA','2013-04-26 16:54:02',NULL,0,NULL),(528,174,'05','05','04','CHILCAS','2013-04-26 16:54:02',NULL,0,NULL),(529,174,'05','05','05','CHUNGUI','2013-04-26 16:54:02',NULL,0,NULL),(530,174,'05','05','06','LUIS CARRANZA','2013-04-26 16:54:02',NULL,0,NULL),(531,174,'05','05','07','SANTA ROSA','2013-04-26 16:54:02',NULL,0,NULL),(532,174,'05','05','08','TAMBO','2013-04-26 16:54:02',NULL,0,NULL),(533,174,'05','06','00','LUCANAS','2013-04-26 16:54:02',NULL,0,NULL),(534,174,'05','06','01','PUQUIO','2013-04-26 16:54:02',NULL,0,NULL),(535,174,'05','06','02','AUCARA','2013-04-26 16:54:02',NULL,0,NULL),(536,174,'05','06','03','CABANA','2013-04-26 16:54:02',NULL,0,NULL),(537,174,'05','06','04','CARMEN SALCEDO','2013-04-26 16:54:02',NULL,0,NULL),(538,174,'05','06','05','CHAVI?A','2013-04-26 16:54:02',NULL,0,NULL),(539,174,'05','06','06','CHIPAO','2013-04-26 16:54:02',NULL,0,NULL),(540,174,'05','06','07','HUAC-HUAS','2013-04-26 16:54:02',NULL,0,NULL),(541,174,'05','06','08','LARAMATE','2013-04-26 16:54:02',NULL,0,NULL),(542,174,'05','06','09','LEONCIO PRADO','2013-04-26 16:54:02',NULL,0,NULL),(543,174,'05','06','10','LLAUTA','2013-04-26 16:54:02',NULL,0,NULL),(544,174,'05','06','11','LUCANAS','2013-04-26 16:54:02',NULL,0,NULL),(545,174,'05','06','12','OCA?A','2013-04-26 16:54:02',NULL,0,NULL),(546,174,'05','06','13','OTOCA','2013-04-26 16:54:02',NULL,0,NULL),(547,174,'05','06','14','SAISA','2013-04-26 16:54:02',NULL,0,NULL),(548,174,'05','06','15','SAN CRISTOBAL','2013-04-26 16:54:02',NULL,0,NULL),(549,174,'05','06','16','SAN JUAN','2013-04-26 16:54:02',NULL,0,NULL),(550,174,'05','06','17','SAN PEDRO','2013-04-26 16:54:02',NULL,0,NULL),(551,174,'05','06','18','SAN PEDRO DE PALCO','2013-04-26 16:54:02',NULL,0,NULL),(552,174,'05','06','19','SANCOS','2013-04-26 16:54:02',NULL,0,NULL),(553,174,'05','06','20','SANTA ANA DE HUAYCAHUACHO','2013-04-26 16:54:02',NULL,0,NULL),(554,174,'05','06','21','SANTA LUCIA','2013-04-26 16:54:02',NULL,0,NULL),(555,174,'05','07','00','PARINACOCHAS','2013-04-26 16:54:02',NULL,0,NULL),(556,174,'05','07','01','CORACORA','2013-04-26 16:54:02',NULL,0,NULL),(557,174,'05','07','02','CHUMPI','2013-04-26 16:54:02',NULL,0,NULL),(558,174,'05','07','03','CORONEL CASTA?EDA','2013-04-26 16:54:02',NULL,0,NULL),(559,174,'05','07','04','PACAPAUSA','2013-04-26 16:54:02',NULL,0,NULL),(560,174,'05','07','05','PULLO','2013-04-26 16:54:02',NULL,0,NULL),(561,174,'05','07','06','PUYUSCA','2013-04-26 16:54:02',NULL,0,NULL),(562,174,'05','07','07','SAN FRANCISCO DE RAVACAYCO','2013-04-26 16:54:02',NULL,0,NULL),(563,174,'05','07','08','UPAHUACHO','2013-04-26 16:54:02',NULL,0,NULL),(564,174,'05','08','00','PAUCAR DEL SARA SARA','2013-04-26 16:54:02',NULL,0,NULL),(565,174,'05','08','01','PAUSA','2013-04-26 16:54:02',NULL,0,NULL),(566,174,'05','08','02','COLTA','2013-04-26 16:54:02',NULL,0,NULL),(567,174,'05','08','03','CORCULLA','2013-04-26 16:54:02',NULL,0,NULL),(568,174,'05','08','04','LAMPA','2013-04-26 16:54:02',NULL,0,NULL),(569,174,'05','08','05','MARCABAMBA','2013-04-26 16:54:02',NULL,0,NULL),(570,174,'05','08','06','OYOLO','2013-04-26 16:54:02',NULL,0,NULL),(571,174,'05','08','07','PARARCA','2013-04-26 16:54:02',NULL,0,NULL),(572,174,'05','08','08','SAN JAVIER DE ALPABAMBA','2013-04-26 16:54:02',NULL,0,NULL),(573,174,'05','08','09','SAN JOSE DE USHUA','2013-04-26 16:54:02',NULL,0,NULL),(574,174,'05','08','10','SARA SARA','2013-04-26 16:54:02',NULL,0,NULL),(575,174,'05','09','00','SUCRE','2013-04-26 16:54:02',NULL,0,NULL),(576,174,'05','09','01','QUEROBAMBA','2013-04-26 16:54:02',NULL,0,NULL),(577,174,'05','09','02','BELEN','2013-04-26 16:54:02',NULL,0,NULL),(578,174,'05','09','03','CHALCOS','2013-04-26 16:54:02',NULL,0,NULL),(579,174,'05','09','04','CHILCAYOC','2013-04-26 16:54:02',NULL,0,NULL),(580,174,'05','09','05','HUACA?A','2013-04-26 16:54:02',NULL,0,NULL),(581,174,'05','09','06','MORCOLLA','2013-04-26 16:54:02',NULL,0,NULL),(582,174,'05','09','07','PAICO','2013-04-26 16:54:02',NULL,0,NULL),(583,174,'05','09','08','SAN PEDRO DE LARCAY','2013-04-26 16:54:02',NULL,0,NULL),(584,174,'05','09','09','SAN SALVADOR DE QUIJE','2013-04-26 16:54:02',NULL,0,NULL),(585,174,'05','09','10','SANTIAGO DE PAUCARAY','2013-04-26 16:54:02',NULL,0,NULL),(586,174,'05','09','11','SORAS','2013-04-26 16:54:02',NULL,0,NULL),(587,174,'05','10','00','VICTOR FAJARDO','2013-04-26 16:54:02',NULL,0,NULL),(588,174,'05','10','01','HUANCAPI','2013-04-26 16:54:02',NULL,0,NULL),(589,174,'05','10','02','ALCAMENCA','2013-04-26 16:54:02',NULL,0,NULL),(590,174,'05','10','03','APONGO','2013-04-26 16:54:02',NULL,0,NULL),(591,174,'05','10','04','ASQUIPATA','2013-04-26 16:54:02',NULL,0,NULL),(592,174,'05','10','05','CANARIA','2013-04-26 16:54:02',NULL,0,NULL),(593,174,'05','10','06','CAYARA','2013-04-26 16:54:02',NULL,0,NULL),(594,174,'05','10','07','COLCA','2013-04-26 16:54:02',NULL,0,NULL),(595,174,'05','10','08','HUAMANQUIQUIA','2013-04-26 16:54:02',NULL,0,NULL),(596,174,'05','10','09','HUANCARAYLLA','2013-04-26 16:54:02',NULL,0,NULL),(597,174,'05','10','10','HUAYA','2013-04-26 16:54:02',NULL,0,NULL),(598,174,'05','10','11','SARHUA','2013-04-26 16:54:02',NULL,0,NULL),(599,174,'05','10','12','VILCANCHOS','2013-04-26 16:54:02',NULL,0,NULL),(600,174,'05','11','00','VILCAS HUAMAN','2013-04-26 16:54:02',NULL,0,NULL),(601,174,'05','11','01','VILCAS HUAMAN','2013-04-26 16:54:02',NULL,0,NULL),(602,174,'05','11','02','ACCOMARCA','2013-04-26 16:54:02',NULL,0,NULL),(603,174,'05','11','03','CARHUANCA','2013-04-26 16:54:02',NULL,0,NULL),(604,174,'05','11','04','CONCEPCION','2013-04-26 16:54:02',NULL,0,NULL),(605,174,'05','11','05','HUAMBALPA','2013-04-26 16:54:02',NULL,0,NULL),(606,174,'05','11','06','INDEPENDENCIA','2013-04-26 16:54:02',NULL,0,NULL),(607,174,'05','11','07','SAURAMA','2013-04-26 16:54:02',NULL,0,NULL),(608,174,'05','11','08','VISCHONGO','2013-04-26 16:54:02',NULL,0,NULL),(609,174,'06','00','00','CAJAMARCA','2013-04-26 16:54:02',NULL,0,NULL),(610,174,'06','01','00','CAJAMARCA','2013-04-26 16:54:02',NULL,0,NULL),(611,174,'06','01','01','CAJAMARCA','2013-04-26 16:54:02',NULL,0,NULL),(612,174,'06','01','02','ASUNCION','2013-04-26 16:54:02',NULL,0,NULL),(613,174,'06','01','03','CHETILLA','2013-04-26 16:54:02',NULL,0,NULL),(614,174,'06','01','04','COSPAN','2013-04-26 16:54:02',NULL,0,NULL),(615,174,'06','01','05','ENCA?ADA','2013-04-26 16:54:02',NULL,0,NULL),(616,174,'06','01','06','JESUS','2013-04-26 16:54:02',NULL,0,NULL),(617,174,'06','01','07','LLACANORA','2013-04-26 16:54:02',NULL,0,NULL),(618,174,'06','01','08','LOS BA?OS DEL INCA','2013-04-26 16:54:02',NULL,0,NULL),(619,174,'06','01','09','MAGDALENA','2013-04-26 16:54:02',NULL,0,NULL),(620,174,'06','01','10','MATARA','2013-04-26 16:54:02',NULL,0,NULL),(621,174,'06','01','11','NAMORA','2013-04-26 16:54:02',NULL,0,NULL),(622,174,'06','01','12','SAN JUAN','2013-04-26 16:54:02',NULL,0,NULL),(623,174,'06','02','00','CAJABAMBA','2013-04-26 16:54:02',NULL,0,NULL),(624,174,'06','02','01','CAJABAMBA','2013-04-26 16:54:02',NULL,0,NULL),(625,174,'06','02','02','CACHACHI','2013-04-26 16:54:02',NULL,0,NULL),(626,174,'06','02','03','CONDEBAMBA','2013-04-26 16:54:02',NULL,0,NULL),(627,174,'06','02','04','SITACOCHA','2013-04-26 16:54:02',NULL,0,NULL),(628,174,'06','03','00','CELENDIN','2013-04-26 16:54:02',NULL,0,NULL),(629,174,'06','03','01','CELENDIN','2013-04-26 16:54:02',NULL,0,NULL),(630,174,'06','03','02','CHUMUCH','2013-04-26 16:54:02',NULL,0,NULL),(631,174,'06','03','03','CORTEGANA','2013-04-26 16:54:02',NULL,0,NULL),(632,174,'06','03','04','HUASMIN','2013-04-26 16:54:02',NULL,0,NULL),(633,174,'06','03','05','JORGE CHAVEZ','2013-04-26 16:54:02',NULL,0,NULL),(634,174,'06','03','06','JOSE GALVEZ','2013-04-26 16:54:02',NULL,0,NULL),(635,174,'06','03','07','MIGUEL IGLESIAS','2013-04-26 16:54:02',NULL,0,NULL),(636,174,'06','03','08','OXAMARCA','2013-04-26 16:54:02',NULL,0,NULL),(637,174,'06','03','09','SOROCHUCO','2013-04-26 16:54:02',NULL,0,NULL),(638,174,'06','03','10','SUCRE','2013-04-26 16:54:02',NULL,0,NULL),(639,174,'06','03','11','UTCO','2013-04-26 16:54:02',NULL,0,NULL),(640,174,'06','03','12','LA LIBERTAD DE PALLAN','2013-04-26 16:54:02',NULL,0,NULL),(641,174,'06','04','00','CHOTA','2013-04-26 16:54:02',NULL,0,NULL),(642,174,'06','04','01','CHOTA','2013-04-26 16:54:02',NULL,0,NULL),(643,174,'06','04','02','ANGUIA','2013-04-26 16:54:02',NULL,0,NULL),(644,174,'06','04','03','CHADIN','2013-04-26 16:54:02',NULL,0,NULL),(645,174,'06','04','04','CHIGUIRIP','2013-04-26 16:54:02',NULL,0,NULL),(646,174,'06','04','05','CHIMBAN','2013-04-26 16:54:02',NULL,0,NULL),(647,174,'06','04','06','CHOROPAMPA','2013-04-26 16:54:02',NULL,0,NULL),(648,174,'06','04','07','COCHABAMBA','2013-04-26 16:54:02',NULL,0,NULL),(649,174,'06','04','08','CONCHAN','2013-04-26 16:54:02',NULL,0,NULL),(650,174,'06','04','09','HUAMBOS','2013-04-26 16:54:02',NULL,0,NULL),(651,174,'06','04','10','LAJAS','2013-04-26 16:54:02',NULL,0,NULL),(652,174,'06','04','11','LLAMA','2013-04-26 16:54:02',NULL,0,NULL),(653,174,'06','04','12','MIRACOSTA','2013-04-26 16:54:02',NULL,0,NULL),(654,174,'06','04','13','PACCHA','2013-04-26 16:54:02',NULL,0,NULL),(655,174,'06','04','14','PION','2013-04-26 16:54:02',NULL,0,NULL),(656,174,'06','04','15','QUEROCOTO','2013-04-26 16:54:02',NULL,0,NULL),(657,174,'06','04','16','SAN JUAN DE LICUPIS','2013-04-26 16:54:02',NULL,0,NULL),(658,174,'06','04','17','TACABAMBA','2013-04-26 16:54:02',NULL,0,NULL),(659,174,'06','04','18','TOCMOCHE','2013-04-26 16:54:02',NULL,0,NULL),(660,174,'06','04','19','CHALAMARCA','2013-04-26 16:54:02',NULL,0,NULL),(661,174,'06','05','00','CONTUMAZA','2013-04-26 16:54:02',NULL,0,NULL),(662,174,'06','05','01','CONTUMAZA','2013-04-26 16:54:02',NULL,0,NULL),(663,174,'06','05','02','CHILETE','2013-04-26 16:54:02',NULL,0,NULL),(664,174,'06','05','03','CUPISNIQUE','2013-04-26 16:54:02',NULL,0,NULL),(665,174,'06','05','04','GUZMANGO','2013-04-26 16:54:02',NULL,0,NULL),(666,174,'06','05','05','SAN BENITO','2013-04-26 16:54:02',NULL,0,NULL),(667,174,'06','05','06','SANTA CRUZ DE TOLED','2013-04-26 16:54:02',NULL,0,NULL),(668,174,'06','05','07','TANTARICA','2013-04-26 16:54:02',NULL,0,NULL),(669,174,'06','05','08','YONAN','2013-04-26 16:54:02',NULL,0,NULL),(670,174,'06','06','00','CUTERVO','2013-04-26 16:54:02',NULL,0,NULL),(671,174,'06','06','01','CUTERVO','2013-04-26 16:54:02',NULL,0,NULL),(672,174,'06','06','02','CALLAYUC','2013-04-26 16:54:02',NULL,0,NULL),(673,174,'06','06','03','CHOROS','2013-04-26 16:54:02',NULL,0,NULL),(674,174,'06','06','04','CUJILLO','2013-04-26 16:54:02',NULL,0,NULL),(675,174,'06','06','05','LA RAMADA','2013-04-26 16:54:02',NULL,0,NULL),(676,174,'06','06','06','PIMPINGOS','2013-04-26 16:54:02',NULL,0,NULL),(677,174,'06','06','07','QUEROCOTILLO','2013-04-26 16:54:02',NULL,0,NULL),(678,174,'06','06','08','SAN ANDRES DE CUTERVO','2013-04-26 16:54:02',NULL,0,NULL),(679,174,'06','06','09','SAN JUAN DE CUTERVO','2013-04-26 16:54:02',NULL,0,NULL),(680,174,'06','06','10','SAN LUIS DE LUCMA','2013-04-26 16:54:02',NULL,0,NULL),(681,174,'06','06','11','SANTA CRUZ','2013-04-26 16:54:02',NULL,0,NULL),(682,174,'06','06','12','SANTO DOMINGO DE LA CAPILLA','2013-04-26 16:54:02',NULL,0,NULL),(683,174,'06','06','13','SANTO TOMAS','2013-04-26 16:54:02',NULL,0,NULL),(684,174,'06','06','14','SOCOTA','2013-04-26 16:54:02',NULL,0,NULL),(685,174,'06','06','15','TORIBIO CASANOVA','2013-04-26 16:54:02',NULL,0,NULL),(686,174,'06','07','00','HUALGAYOC','2013-04-26 16:54:02',NULL,0,NULL),(687,174,'06','07','01','BAMBAMARCA','2013-04-26 16:54:02',NULL,0,NULL),(688,174,'06','07','02','CHUGUR','2013-04-26 16:54:02',NULL,0,NULL),(689,174,'06','07','03','HUALGAYOC','2013-04-26 16:54:02',NULL,0,NULL),(690,174,'06','08','00','JAEN','2013-04-26 16:54:02',NULL,0,NULL),(691,174,'06','08','01','JAEN','2013-04-26 16:54:02',NULL,0,NULL),(692,174,'06','08','02','BELLAVISTA','2013-04-26 16:54:02',NULL,0,NULL),(693,174,'06','08','03','CHONTALI','2013-04-26 16:54:02',NULL,0,NULL),(694,174,'06','08','04','COLASAY','2013-04-26 16:54:02',NULL,0,NULL),(695,174,'06','08','05','HUABAL','2013-04-26 16:54:02',NULL,0,NULL),(696,174,'06','08','06','LAS PIRIAS','2013-04-26 16:54:02',NULL,0,NULL),(697,174,'06','08','07','POMAHUACA','2013-04-26 16:54:02',NULL,0,NULL),(698,174,'06','08','08','PUCARA','2013-04-26 16:54:02',NULL,0,NULL),(699,174,'06','08','09','SALLIQUE','2013-04-26 16:54:02',NULL,0,NULL),(700,174,'06','08','10','SAN FELIPE','2013-04-26 16:54:02',NULL,0,NULL),(701,174,'06','08','11','SAN JOSE DEL ALTO','2013-04-26 16:54:02',NULL,0,NULL),(702,174,'06','08','12','SANTA ROSA','2013-04-26 16:54:02',NULL,0,NULL),(703,174,'06','09','00','SAN IGNACIO','2013-04-26 16:54:02',NULL,0,NULL),(704,174,'06','09','01','SAN IGNACIO','2013-04-26 16:54:02',NULL,0,NULL),(705,174,'06','09','02','CHIRINOS','2013-04-26 16:54:02',NULL,0,NULL),(706,174,'06','09','03','HUARANGO','2013-04-26 16:54:02',NULL,0,NULL),(707,174,'06','09','04','LA COIPA','2013-04-26 16:54:02',NULL,0,NULL),(708,174,'06','09','05','NAMBALLE','2013-04-26 16:54:02',NULL,0,NULL),(709,174,'06','09','06','SAN JOSE DE LOURDES','2013-04-26 16:54:02',NULL,0,NULL),(710,174,'06','09','07','TABACONAS','2013-04-26 16:54:02',NULL,0,NULL),(711,174,'06','10','00','SAN MARCOS','2013-04-26 16:54:02',NULL,0,NULL),(712,174,'06','10','01','PEDRO GALVEZ','2013-04-26 16:54:02',NULL,0,NULL),(713,174,'06','10','02','CHANCAY','2013-04-26 16:54:02',NULL,0,NULL),(714,174,'06','10','03','EDUARDO VILLANUEVA','2013-04-26 16:54:02',NULL,0,NULL),(715,174,'06','10','04','GREGORIO PITA','2013-04-26 16:54:02',NULL,0,NULL),(716,174,'06','10','05','ICHOCAN','2013-04-26 16:54:02',NULL,0,NULL),(717,174,'06','10','06','JOSE MANUEL QUIROZ','2013-04-26 16:54:02',NULL,0,NULL),(718,174,'06','10','07','JOSE SABOGAL','2013-04-26 16:54:02',NULL,0,NULL),(719,174,'06','11','00','SAN MIGUEL','2013-04-26 16:54:02',NULL,0,NULL),(720,174,'06','11','01','SAN MIGUEL','2013-04-26 16:54:02',NULL,0,NULL),(721,174,'06','11','02','BOLIVAR','2013-04-26 16:54:02',NULL,0,NULL),(722,174,'06','11','03','CALQUIS','2013-04-26 16:54:02',NULL,0,NULL),(723,174,'06','11','04','CATILLUC','2013-04-26 16:54:02',NULL,0,NULL),(724,174,'06','11','05','EL PRADO','2013-04-26 16:54:02',NULL,0,NULL),(725,174,'06','11','06','LA FLORIDA','2013-04-26 16:54:02',NULL,0,NULL),(726,174,'06','11','07','LLAPA','2013-04-26 16:54:02',NULL,0,NULL),(727,174,'06','11','08','NANCHOC','2013-04-26 16:54:02',NULL,0,NULL),(728,174,'06','11','09','NIEPOS','2013-04-26 16:54:02',NULL,0,NULL),(729,174,'06','11','10','SAN GREGORIO','2013-04-26 16:54:02',NULL,0,NULL),(730,174,'06','11','11','SAN SILVESTRE DE COCHAN','2013-04-26 16:54:02',NULL,0,NULL),(731,174,'06','11','12','TONGOD','2013-04-26 16:54:02',NULL,0,NULL),(732,174,'06','11','13','UNION AGUA BLANCA','2013-04-26 16:54:02',NULL,0,NULL),(733,174,'06','12','00','SAN PABLO','2013-04-26 16:54:02',NULL,0,NULL),(734,174,'06','12','01','SAN PABLO','2013-04-26 16:54:02',NULL,0,NULL),(735,174,'06','12','02','SAN BERNARDINO','2013-04-26 16:54:02',NULL,0,NULL),(736,174,'06','12','03','SAN LUIS','2013-04-26 16:54:02',NULL,0,NULL),(737,174,'06','12','04','TUMBADEN','2013-04-26 16:54:02',NULL,0,NULL),(738,174,'06','13','00','SANTA CRUZ','2013-04-26 16:54:02',NULL,0,NULL),(739,174,'06','13','01','SANTA CRUZ','2013-04-26 16:54:02',NULL,0,NULL),(740,174,'06','13','02','ANDABAMBA','2013-04-26 16:54:02',NULL,0,NULL),(741,174,'06','13','03','CATACHE','2013-04-26 16:54:02',NULL,0,NULL),(742,174,'06','13','04','CHANCAYBA?OS','2013-04-26 16:54:02',NULL,0,NULL),(743,174,'06','13','05','LA ESPERANZA','2013-04-26 16:54:02',NULL,0,NULL),(744,174,'06','13','06','NINABAMBA','2013-04-26 16:54:02',NULL,0,NULL),(745,174,'06','13','07','PULAN','2013-04-26 16:54:02',NULL,0,NULL),(746,174,'06','13','08','SAUCEPAMPA','2013-04-26 16:54:02',NULL,0,NULL),(747,174,'06','13','09','SEXI','2013-04-26 16:54:02',NULL,0,NULL),(748,174,'06','13','10','UTICYACU','2013-04-26 16:54:02',NULL,0,NULL),(749,174,'06','13','11','YAUYUCAN','2013-04-26 16:54:02',NULL,0,NULL),(750,174,'07','00','00','CALLAO','2013-04-26 16:54:02',NULL,0,NULL),(751,174,'07','01','00','CALLAO','2013-04-26 16:54:02',NULL,0,NULL),(752,174,'07','01','01','CALLAO','2013-04-26 16:54:02',NULL,0,NULL),(753,174,'07','01','02','BELLAVISTA','2013-04-26 16:54:02',NULL,0,NULL),(754,174,'07','01','03','CARMEN DE LA LEGUA REYNOSO','2013-04-26 16:54:02',NULL,0,NULL),(755,174,'07','01','04','LA PERLA','2013-04-26 16:54:02',NULL,0,NULL),(756,174,'07','01','05','LA PUNTA','2013-04-26 16:54:02',NULL,0,NULL),(757,174,'07','01','06','VENTANILLA','2013-04-26 16:54:02',NULL,0,NULL),(758,174,'08','00','00','CUSCO','2013-04-26 16:54:02',NULL,0,NULL),(759,174,'08','01','00','CUSCO','2013-04-26 16:54:02',NULL,0,NULL),(760,174,'08','01','01','CUSCO','2013-04-26 16:54:02',NULL,0,NULL),(761,174,'08','01','02','CCORCA','2013-04-26 16:54:02',NULL,0,NULL),(762,174,'08','01','03','POROY','2013-04-26 16:54:02',NULL,0,NULL),(763,174,'08','01','04','SAN JERONIMO','2013-04-26 16:54:02',NULL,0,NULL),(764,174,'08','01','05','SAN SEBASTIAN','2013-04-26 16:54:02',NULL,0,NULL),(765,174,'08','01','06','SANTIAGO','2013-04-26 16:54:02',NULL,0,NULL),(766,174,'08','01','07','SAYLLA','2013-04-26 16:54:02',NULL,0,NULL),(767,174,'08','01','08','WANCHAQ','2013-04-26 16:54:02',NULL,0,NULL),(768,174,'08','02','00','ACOMAYO','2013-04-26 16:54:02',NULL,0,NULL),(769,174,'08','02','01','ACOMAYO','2013-04-26 16:54:02',NULL,0,NULL),(770,174,'08','02','02','ACOPIA','2013-04-26 16:54:02',NULL,0,NULL),(771,174,'08','02','03','ACOS','2013-04-26 16:54:02',NULL,0,NULL),(772,174,'08','02','04','MOSOC LLACTA','2013-04-26 16:54:02',NULL,0,NULL),(773,174,'08','02','05','POMACANCHI','2013-04-26 16:54:02',NULL,0,NULL),(774,174,'08','02','06','RONDOCAN','2013-04-26 16:54:02',NULL,0,NULL),(775,174,'08','02','07','SANGARARA','2013-04-26 16:54:02',NULL,0,NULL),(776,174,'08','03','00','ANTA','2013-04-26 16:54:02',NULL,0,NULL),(777,174,'08','03','01','ANTA','2013-04-26 16:54:02',NULL,0,NULL),(778,174,'08','03','02','ANCAHUASI','2013-04-26 16:54:02',NULL,0,NULL),(779,174,'08','03','03','CACHIMAYO','2013-04-26 16:54:02',NULL,0,NULL),(780,174,'08','03','04','CHINCHAYPUJIO','2013-04-26 16:54:02',NULL,0,NULL),(781,174,'08','03','05','HUAROCONDO','2013-04-26 16:54:02',NULL,0,NULL),(782,174,'08','03','06','LIMATAMBO','2013-04-26 16:54:02',NULL,0,NULL),(783,174,'08','03','07','MOLLEPATA','2013-04-26 16:54:02',NULL,0,NULL),(784,174,'08','03','08','PUCYURA','2013-04-26 16:54:02',NULL,0,NULL),(785,174,'08','03','09','ZURITE','2013-04-26 16:54:02',NULL,0,NULL),(786,174,'08','04','00','CALCA','2013-04-26 16:54:02',NULL,0,NULL),(787,174,'08','04','01','CALCA','2013-04-26 16:54:02',NULL,0,NULL),(788,174,'08','04','02','COYA','2013-04-26 16:54:02',NULL,0,NULL),(789,174,'08','04','03','LAMAY','2013-04-26 16:54:02',NULL,0,NULL),(790,174,'08','04','04','LARES','2013-04-26 16:54:02',NULL,0,NULL),(791,174,'08','04','05','PISAC','2013-04-26 16:54:02',NULL,0,NULL),(792,174,'08','04','06','SAN SALVADOR','2013-04-26 16:54:02',NULL,0,NULL),(793,174,'08','04','07','TARAY','2013-04-26 16:54:02',NULL,0,NULL),(794,174,'08','04','08','YANATILE','2013-04-26 16:54:02',NULL,0,NULL),(795,174,'08','05','00','CANAS','2013-04-26 16:54:02',NULL,0,NULL),(796,174,'08','05','01','YANAOCA','2013-04-26 16:54:02',NULL,0,NULL),(797,174,'08','05','02','CHECCA','2013-04-26 16:54:02',NULL,0,NULL),(798,174,'08','05','03','KUNTURKANKI','2013-04-26 16:54:02',NULL,0,NULL),(799,174,'08','05','04','LANGUI','2013-04-26 16:54:02',NULL,0,NULL),(800,174,'08','05','05','LAYO','2013-04-26 16:54:02',NULL,0,NULL),(801,174,'08','05','06','PAMPAMARCA','2013-04-26 16:54:02',NULL,0,NULL),(802,174,'08','05','07','QUEHUE','2013-04-26 16:54:02',NULL,0,NULL),(803,174,'08','05','08','TUPAC AMARU','2013-04-26 16:54:02',NULL,0,NULL),(804,174,'08','06','00','CANCHIS','2013-04-26 16:54:02',NULL,0,NULL),(805,174,'08','06','01','SICUANI','2013-04-26 16:54:02',NULL,0,NULL),(806,174,'08','06','02','CHECACUPE','2013-04-26 16:54:02',NULL,0,NULL),(807,174,'08','06','03','COMBAPATA','2013-04-26 16:54:02',NULL,0,NULL),(808,174,'08','06','04','MARANGANI','2013-04-26 16:54:02',NULL,0,NULL),(809,174,'08','06','05','PITUMARCA','2013-04-26 16:54:02',NULL,0,NULL),(810,174,'08','06','06','SAN PABLO','2013-04-26 16:54:02',NULL,0,NULL),(811,174,'08','06','07','SAN PEDRO','2013-04-26 16:54:02',NULL,0,NULL),(812,174,'08','06','08','TINTA','2013-04-26 16:54:02',NULL,0,NULL),(813,174,'08','07','00','CHUMBIVILCAS','2013-04-26 16:54:02',NULL,0,NULL),(814,174,'08','07','01','SANTO TOMAS','2013-04-26 16:54:02',NULL,0,NULL),(815,174,'08','07','02','CAPACMARCA','2013-04-26 16:54:02',NULL,0,NULL),(816,174,'08','07','03','CHAMACA','2013-04-26 16:54:02',NULL,0,NULL),(817,174,'08','07','04','COLQUEMARCA','2013-04-26 16:54:02',NULL,0,NULL),(818,174,'08','07','05','LIVITACA','2013-04-26 16:54:02',NULL,0,NULL),(819,174,'08','07','06','LLUSCO','2013-04-26 16:54:02',NULL,0,NULL),(820,174,'08','07','07','QUI?OTA','2013-04-26 16:54:02',NULL,0,NULL),(821,174,'08','07','08','VELILLE','2013-04-26 16:54:02',NULL,0,NULL),(822,174,'08','08','00','ESPINAR','2013-04-26 16:54:02',NULL,0,NULL),(823,174,'08','08','01','ESPINAR','2013-04-26 16:54:02',NULL,0,NULL),(824,174,'08','08','02','CONDOROMA','2013-04-26 16:54:02',NULL,0,NULL),(825,174,'08','08','03','COPORAQUE','2013-04-26 16:54:02',NULL,0,NULL),(826,174,'08','08','04','OCORURO','2013-04-26 16:54:02',NULL,0,NULL),(827,174,'08','08','05','PALLPATA','2013-04-26 16:54:02',NULL,0,NULL),(828,174,'08','08','06','PICHIGUA','2013-04-26 16:54:02',NULL,0,NULL),(829,174,'08','08','07','SUYCKUTAMBO','2013-04-26 16:54:02',NULL,0,NULL),(830,174,'08','08','08','ALTO PICHIGUA','2013-04-26 16:54:02',NULL,0,NULL),(831,174,'08','09','00','LA CONVENCION','2013-04-26 16:54:02',NULL,0,NULL),(832,174,'08','09','01','SANTA ANA','2013-04-26 16:54:02',NULL,0,NULL),(833,174,'08','09','02','ECHARATE','2013-04-26 16:54:02',NULL,0,NULL),(834,174,'08','09','03','HUAYOPATA','2013-04-26 16:54:02',NULL,0,NULL),(835,174,'08','09','04','MARANURA','2013-04-26 16:54:02',NULL,0,NULL),(836,174,'08','09','05','OCOBAMBA','2013-04-26 16:54:02',NULL,0,NULL),(837,174,'08','09','06','QUELLOUNO','2013-04-26 16:54:02',NULL,0,NULL),(838,174,'08','09','07','KIMBIRI','2013-04-26 16:54:02',NULL,0,NULL),(839,174,'08','09','08','SANTA TERESA','2013-04-26 16:54:02',NULL,0,NULL),(840,174,'08','09','09','VILCABAMBA','2013-04-26 16:54:02',NULL,0,NULL),(841,174,'08','09','10','PICHARI','2013-04-26 16:54:02',NULL,0,NULL),(842,174,'08','10','00','PARURO','2013-04-26 16:54:02',NULL,0,NULL),(843,174,'08','10','01','PARURO','2013-04-26 16:54:02',NULL,0,NULL),(844,174,'08','10','02','ACCHA','2013-04-26 16:54:02',NULL,0,NULL),(845,174,'08','10','03','CCAPI','2013-04-26 16:54:02',NULL,0,NULL),(846,174,'08','10','04','COLCHA','2013-04-26 16:54:02',NULL,0,NULL),(847,174,'08','10','05','HUANOQUITE','2013-04-26 16:54:02',NULL,0,NULL),(848,174,'08','10','06','OMACHA','2013-04-26 16:54:02',NULL,0,NULL),(849,174,'08','10','07','PACCARITAMBO','2013-04-26 16:54:02',NULL,0,NULL),(850,174,'08','10','08','PILLPINTO','2013-04-26 16:54:02',NULL,0,NULL),(851,174,'08','10','09','YAURISQUE','2013-04-26 16:54:02',NULL,0,NULL),(852,174,'08','11','00','PAUCARTAMBO','2013-04-26 16:54:02',NULL,0,NULL),(853,174,'08','11','01','PAUCARTAMBO','2013-04-26 16:54:02',NULL,0,NULL),(854,174,'08','11','02','CAICAY','2013-04-26 16:54:02',NULL,0,NULL),(855,174,'08','11','03','CHALLABAMBA','2013-04-26 16:54:02',NULL,0,NULL),(856,174,'08','11','04','COLQUEPATA','2013-04-26 16:54:02',NULL,0,NULL),(857,174,'08','11','05','HUANCARANI','2013-04-26 16:54:02',NULL,0,NULL),(858,174,'08','11','06','KOS?IPATA','2013-04-26 16:54:02',NULL,0,NULL),(859,174,'08','12','00','QUISPICANCHI','2013-04-26 16:54:02',NULL,0,NULL),(860,174,'08','12','01','URCOS','2013-04-26 16:54:02',NULL,0,NULL),(861,174,'08','12','02','ANDAHUAYLILLAS','2013-04-26 16:54:02',NULL,0,NULL),(862,174,'08','12','03','CAMANTI','2013-04-26 16:54:02',NULL,0,NULL),(863,174,'08','12','04','CCARHUAYO','2013-04-26 16:54:02',NULL,0,NULL),(864,174,'08','12','05','CCATCA','2013-04-26 16:54:02',NULL,0,NULL),(865,174,'08','12','06','CUSIPATA','2013-04-26 16:54:02',NULL,0,NULL),(866,174,'08','12','07','HUARO','2013-04-26 16:54:02',NULL,0,NULL),(867,174,'08','12','08','LUCRE','2013-04-26 16:54:02',NULL,0,NULL),(868,174,'08','12','09','MARCAPATA','2013-04-26 16:54:02',NULL,0,NULL),(869,174,'08','12','10','OCONGATE','2013-04-26 16:54:02',NULL,0,NULL),(870,174,'08','12','11','OROPESA','2013-04-26 16:54:02',NULL,0,NULL),(871,174,'08','12','12','QUIQUIJANA','2013-04-26 16:54:02',NULL,0,NULL),(872,174,'08','13','00','URUBAMBA','2013-04-26 16:54:02',NULL,0,NULL),(873,174,'08','13','01','URUBAMBA','2013-04-26 16:54:02',NULL,0,NULL),(874,174,'08','13','02','CHINCHERO','2013-04-26 16:54:02',NULL,0,NULL),(875,174,'08','13','03','HUAYLLABAMBA','2013-04-26 16:54:02',NULL,0,NULL),(876,174,'08','13','04','MACHUPICCHU','2013-04-26 16:54:02',NULL,0,NULL),(877,174,'08','13','05','MARAS','2013-04-26 16:54:02',NULL,0,NULL),(878,174,'08','13','06','OLLANTAYTAMBO','2013-04-26 16:54:02',NULL,0,NULL),(879,174,'08','13','07','YUCAY','2013-04-26 16:54:02',NULL,0,NULL),(880,174,'09','00','00','HUANCAVELICA','2013-04-26 16:54:02',NULL,0,NULL),(881,174,'09','01','00','HUANCAVELICA','2013-04-26 16:54:02',NULL,0,NULL),(882,174,'09','01','01','HUANCAVELICA','2013-04-26 16:54:02',NULL,0,NULL),(883,174,'09','01','02','ACOBAMBILLA','2013-04-26 16:54:02',NULL,0,NULL),(884,174,'09','01','03','ACORIA','2013-04-26 16:54:02',NULL,0,NULL),(885,174,'09','01','04','CONAYCA','2013-04-26 16:54:02',NULL,0,NULL),(886,174,'09','01','05','CUENCA','2013-04-26 16:54:02',NULL,0,NULL),(887,174,'09','01','06','HUACHOCOLPA','2013-04-26 16:54:02',NULL,0,NULL),(888,174,'09','01','07','HUAYLLAHUARA','2013-04-26 16:54:02',NULL,0,NULL),(889,174,'09','01','08','IZCUCHACA','2013-04-26 16:54:02',NULL,0,NULL),(890,174,'09','01','09','LARIA','2013-04-26 16:54:02',NULL,0,NULL),(891,174,'09','01','10','MANTA','2013-04-26 16:54:02',NULL,0,NULL),(892,174,'09','01','11','MARISCAL CACERES','2013-04-26 16:54:02',NULL,0,NULL),(893,174,'09','01','12','MOYA','2013-04-26 16:54:02',NULL,0,NULL),(894,174,'09','01','13','NUEVO OCCORO','2013-04-26 16:54:02',NULL,0,NULL),(895,174,'09','01','14','PALCA','2013-04-26 16:54:02',NULL,0,NULL),(896,174,'09','01','15','PILCHACA','2013-04-26 16:54:02',NULL,0,NULL),(897,174,'09','01','16','VILCA','2013-04-26 16:54:02',NULL,0,NULL),(898,174,'09','01','17','YAULI','2013-04-26 16:54:02',NULL,0,NULL),(899,174,'09','01','18','ASCENSION','2013-04-26 16:54:02',NULL,0,NULL),(900,174,'09','01','19','HUANDO','2013-04-26 16:54:02',NULL,0,NULL),(901,174,'09','02','00','ACOBAMBA','2013-04-26 16:54:02',NULL,0,NULL),(902,174,'09','02','01','ACOBAMBA','2013-04-26 16:54:02',NULL,0,NULL),(903,174,'09','02','02','ANDABAMBA','2013-04-26 16:54:02',NULL,0,NULL),(904,174,'09','02','03','ANTA','2013-04-26 16:54:02',NULL,0,NULL),(905,174,'09','02','04','CAJA','2013-04-26 16:54:02',NULL,0,NULL),(906,174,'09','02','05','MARCAS','2013-04-26 16:54:02',NULL,0,NULL),(907,174,'09','02','06','PAUCARA','2013-04-26 16:54:02',NULL,0,NULL),(908,174,'09','02','07','POMACOCHA','2013-04-26 16:54:02',NULL,0,NULL),(909,174,'09','02','08','ROSARIO','2013-04-26 16:54:02',NULL,0,NULL),(910,174,'09','03','00','ANGARAES','2013-04-26 16:54:02',NULL,0,NULL),(911,174,'09','03','01','LIRCAY','2013-04-26 16:54:02',NULL,0,NULL),(912,174,'09','03','02','ANCHONGA','2013-04-26 16:54:02',NULL,0,NULL),(913,174,'09','03','03','CALLANMARCA','2013-04-26 16:54:02',NULL,0,NULL),(914,174,'09','03','04','CCOCHACCASA','2013-04-26 16:54:02',NULL,0,NULL),(915,174,'09','03','05','CHINCHO','2013-04-26 16:54:02',NULL,0,NULL),(916,174,'09','03','06','CONGALLA','2013-04-26 16:54:02',NULL,0,NULL),(917,174,'09','03','07','HUANCA-HUANCA','2013-04-26 16:54:02',NULL,0,NULL),(918,174,'09','03','08','HUAYLLAY GRANDE','2013-04-26 16:54:02',NULL,0,NULL),(919,174,'09','03','09','JULCAMARCA','2013-04-26 16:54:02',NULL,0,NULL),(920,174,'09','03','10','SAN ANTONIO DE ANTAPARCO','2013-04-26 16:54:02',NULL,0,NULL),(921,174,'09','03','11','SANTO TOMAS DE PATA','2013-04-26 16:54:02',NULL,0,NULL),(922,174,'09','03','12','SECCLLA','2013-04-26 16:54:02',NULL,0,NULL),(923,174,'09','04','00','CASTROVIRREYNA','2013-04-26 16:54:02',NULL,0,NULL),(924,174,'09','04','01','CASTROVIRREYNA','2013-04-26 16:54:02',NULL,0,NULL),(925,174,'09','04','02','ARMA','2013-04-26 16:54:02',NULL,0,NULL),(926,174,'09','04','03','AURAHUA','2013-04-26 16:54:02',NULL,0,NULL),(927,174,'09','04','04','CAPILLAS','2013-04-26 16:54:02',NULL,0,NULL),(928,174,'09','04','05','CHUPAMARCA','2013-04-26 16:54:02',NULL,0,NULL),(929,174,'09','04','06','COCAS','2013-04-26 16:54:02',NULL,0,NULL),(930,174,'09','04','07','HUACHOS','2013-04-26 16:54:02',NULL,0,NULL),(931,174,'09','04','08','HUAMATAMBO','2013-04-26 16:54:02',NULL,0,NULL),(932,174,'09','04','09','MOLLEPAMPA','2013-04-26 16:54:02',NULL,0,NULL),(933,174,'09','04','10','SAN JUAN','2013-04-26 16:54:02',NULL,0,NULL),(934,174,'09','04','11','SANTA ANA','2013-04-26 16:54:02',NULL,0,NULL),(935,174,'09','04','12','TANTARA','2013-04-26 16:54:02',NULL,0,NULL),(936,174,'09','04','13','TICRAPO','2013-04-26 16:54:02',NULL,0,NULL),(937,174,'09','05','00','CHURCAMPA','2013-04-26 16:54:02',NULL,0,NULL),(938,174,'09','05','01','CHURCAMPA','2013-04-26 16:54:02',NULL,0,NULL),(939,174,'09','05','02','ANCO','2013-04-26 16:54:02',NULL,0,NULL),(940,174,'09','05','03','CHINCHIHUASI','2013-04-26 16:54:02',NULL,0,NULL),(941,174,'09','05','04','EL CARMEN','2013-04-26 16:54:02',NULL,0,NULL),(942,174,'09','05','05','LA MERCED','2013-04-26 16:54:02',NULL,0,NULL),(943,174,'09','05','06','LOCROJA','2013-04-26 16:54:02',NULL,0,NULL),(944,174,'09','05','07','PAUCARBAMBA','2013-04-26 16:54:02',NULL,0,NULL),(945,174,'09','05','08','SAN MIGUEL DE MAYOCC','2013-04-26 16:54:02',NULL,0,NULL),(946,174,'09','05','09','SAN PEDRO DE CORIS','2013-04-26 16:54:02',NULL,0,NULL),(947,174,'09','05','10','PACHAMARCA','2013-04-26 16:54:02',NULL,0,NULL),(948,174,'09','06','00','HUAYTARA','2013-04-26 16:54:02',NULL,0,NULL),(949,174,'09','06','01','HUAYTARA','2013-04-26 16:54:02',NULL,0,NULL),(950,174,'09','06','02','AYAVI','2013-04-26 16:54:02',NULL,0,NULL),(951,174,'09','06','03','CORDOVA','2013-04-26 16:54:02',NULL,0,NULL),(952,174,'09','06','04','HUAYACUNDO ARMA','2013-04-26 16:54:02',NULL,0,NULL),(953,174,'09','06','05','LARAMARCA','2013-04-26 16:54:02',NULL,0,NULL),(954,174,'09','06','06','OCOYO','2013-04-26 16:54:02',NULL,0,NULL),(955,174,'09','06','07','PILPICHACA','2013-04-26 16:54:02',NULL,0,NULL),(956,174,'09','06','08','QUERCO','2013-04-26 16:54:02',NULL,0,NULL),(957,174,'09','06','09','QUITO-ARMA','2013-04-26 16:54:02',NULL,0,NULL),(958,174,'09','06','10','SAN ANTONIO DE CUSICANCHA','2013-04-26 16:54:02',NULL,0,NULL),(959,174,'09','06','11','SAN FRANCISCO DE SANGAYAICO','2013-04-26 16:54:02',NULL,0,NULL),(960,174,'09','06','12','SAN ISIDRO','2013-04-26 16:54:02',NULL,0,NULL),(961,174,'09','06','13','SANTIAGO DE CHOCORVOS','2013-04-26 16:54:02',NULL,0,NULL),(962,174,'09','06','14','SANTIAGO DE QUIRAHUARA','2013-04-26 16:54:02',NULL,0,NULL),(963,174,'09','06','15','SANTO DOMINGO DE CAPILLAS','2013-04-26 16:54:02',NULL,0,NULL),(964,174,'09','06','16','TAMBO','2013-04-26 16:54:02',NULL,0,NULL),(965,174,'09','07','00','TAYACAJA','2013-04-26 16:54:02',NULL,0,NULL),(966,174,'09','07','01','PAMPAS','2013-04-26 16:54:02',NULL,0,NULL),(967,174,'09','07','02','ACOSTAMBO','2013-04-26 16:54:02',NULL,0,NULL),(968,174,'09','07','03','ACRAQUIA','2013-04-26 16:54:02',NULL,0,NULL),(969,174,'09','07','04','AHUAYCHA','2013-04-26 16:54:02',NULL,0,NULL),(970,174,'09','07','05','COLCABAMBA','2013-04-26 16:54:02',NULL,0,NULL),(971,174,'09','07','06','DANIEL HERNANDEZ','2013-04-26 16:54:02',NULL,0,NULL),(972,174,'09','07','07','HUACHOCOLPA','2013-04-26 16:54:02',NULL,0,NULL),(973,174,'09','07','09','HUARIBAMBA','2013-04-26 16:54:02',NULL,0,NULL),(974,174,'09','07','10','?AHUIMPUQUIO','2013-04-26 16:54:02',NULL,0,NULL),(975,174,'09','07','11','PAZOS','2013-04-26 16:54:02',NULL,0,NULL),(976,174,'09','07','13','QUISHUAR','2013-04-26 16:54:02',NULL,0,NULL),(977,174,'09','07','14','SALCABAMBA','2013-04-26 16:54:02',NULL,0,NULL),(978,174,'09','07','15','SALCAHUASI','2013-04-26 16:54:02',NULL,0,NULL),(979,174,'09','07','16','SAN MARCOS DE ROCCHAC','2013-04-26 16:54:02',NULL,0,NULL),(980,174,'09','07','17','SURCUBAMBA','2013-04-26 16:54:02',NULL,0,NULL),(981,174,'09','07','18','TINTAY PUNCU','2013-04-26 16:54:02',NULL,0,NULL),(982,174,'10','00','00','HUANUCO','2013-04-26 16:54:02',NULL,0,NULL),(983,174,'10','01','00','HUANUCO','2013-04-26 16:54:02',NULL,0,NULL),(984,174,'10','01','01','HUANUCO','2013-04-26 16:54:02',NULL,0,NULL),(985,174,'10','01','02','AMARILIS','2013-04-26 16:54:02',NULL,0,NULL),(986,174,'10','01','03','CHINCHAO','2013-04-26 16:54:02',NULL,0,NULL),(987,174,'10','01','04','CHURUBAMBA','2013-04-26 16:54:02',NULL,0,NULL),(988,174,'10','01','05','MARGOS','2013-04-26 16:54:02',NULL,0,NULL),(989,174,'10','01','06','QUISQUI','2013-04-26 16:54:02',NULL,0,NULL),(990,174,'10','01','07','SAN FRANCISCO DE CAYRAN','2013-04-26 16:54:02',NULL,0,NULL),(991,174,'10','01','08','SAN PEDRO DE CHAULAN','2013-04-26 16:54:02',NULL,0,NULL),(992,174,'10','01','09','SANTA MARIA DEL VALLE','2013-04-26 16:54:02',NULL,0,NULL),(993,174,'10','01','10','YARUMAYO','2013-04-26 16:54:02',NULL,0,NULL),(994,174,'10','01','11','PILLCO MARCA','2013-04-26 16:54:02',NULL,0,NULL),(995,174,'10','02','00','AMBO','2013-04-26 16:54:02',NULL,0,NULL),(996,174,'10','02','01','AMBO','2013-04-26 16:54:02',NULL,0,NULL),(997,174,'10','02','02','CAYNA','2013-04-26 16:54:02',NULL,0,NULL),(998,174,'10','02','03','COLPAS','2013-04-26 16:54:02',NULL,0,NULL),(999,174,'10','02','04','CONCHAMARCA','2013-04-26 16:54:02',NULL,0,NULL),(1000,174,'10','02','05','HUACAR','2013-04-26 16:54:02',NULL,0,NULL),(1001,174,'10','02','06','SAN FRANCISCO','2013-04-26 16:54:02',NULL,0,NULL),(1002,174,'10','02','07','SAN RAFAEL','2013-04-26 16:54:02',NULL,0,NULL),(1003,174,'10','02','08','TOMAY KICHWA','2013-04-26 16:54:02',NULL,0,NULL),(1004,174,'10','03','00','DOS DE MAYO','2013-04-26 16:54:02',NULL,0,NULL),(1005,174,'10','03','01','LA UNION','2013-04-26 16:54:02',NULL,0,NULL),(1006,174,'10','03','07','CHUQUIS','2013-04-26 16:54:02',NULL,0,NULL),(1007,174,'10','03','11','MARIAS','2013-04-26 16:54:02',NULL,0,NULL),(1008,174,'10','03','13','PACHAS','2013-04-26 16:54:02',NULL,0,NULL),(1009,174,'10','03','16','QUIVILLA','2013-04-26 16:54:02',NULL,0,NULL),(1010,174,'10','03','17','RIPAN','2013-04-26 16:54:02',NULL,0,NULL),(1011,174,'10','03','21','SHUNQUI','2013-04-26 16:54:02',NULL,0,NULL),(1012,174,'10','03','22','SILLAPATA','2013-04-26 16:54:02',NULL,0,NULL),(1013,174,'10','03','23','YANAS','2013-04-26 16:54:02',NULL,0,NULL),(1014,174,'10','04','00','HUACAYBAMBA','2013-04-26 16:54:02',NULL,0,NULL),(1015,174,'10','04','01','HUACAYBAMBA','2013-04-26 16:54:02',NULL,0,NULL),(1016,174,'10','04','02','CANCHABAMBA','2013-04-26 16:54:02',NULL,0,NULL),(1017,174,'10','04','03','COCHABAMBA','2013-04-26 16:54:02',NULL,0,NULL),(1018,174,'10','04','04','PINRA','2013-04-26 16:54:02',NULL,0,NULL),(1019,174,'10','05','00','HUAMALIES','2013-04-26 16:54:02',NULL,0,NULL),(1020,174,'10','05','01','LLATA','2013-04-26 16:54:02',NULL,0,NULL),(1021,174,'10','05','02','ARANCAY','2013-04-26 16:54:02',NULL,0,NULL),(1022,174,'10','05','03','CHAVIN DE PARIARCA','2013-04-26 16:54:02',NULL,0,NULL),(1023,174,'10','05','04','JACAS GRANDE','2013-04-26 16:54:02',NULL,0,NULL),(1024,174,'10','05','05','JIRCAN','2013-04-26 16:54:02',NULL,0,NULL),(1025,174,'10','05','06','MIRAFLORES','2013-04-26 16:54:02',NULL,0,NULL),(1026,174,'10','05','07','MONZON','2013-04-26 16:54:02',NULL,0,NULL),(1027,174,'10','05','08','PUNCHAO','2013-04-26 16:54:02',NULL,0,NULL),(1028,174,'10','05','09','PU?OS','2013-04-26 16:54:02',NULL,0,NULL),(1029,174,'10','05','10','SINGA','2013-04-26 16:54:02',NULL,0,NULL),(1030,174,'10','05','11','TANTAMAYO','2013-04-26 16:54:02',NULL,0,NULL),(1031,174,'10','06','00','LEONCIO PRADO','2013-04-26 16:54:02',NULL,0,NULL),(1032,174,'10','06','01','RUPA-RUPA','2013-04-26 16:54:02',NULL,0,NULL),(1033,174,'10','06','02','DANIEL ALOMIAS ROBLES','2013-04-26 16:54:02',NULL,0,NULL),(1034,174,'10','06','03','HERMILIO VALDIZAN','2013-04-26 16:54:02',NULL,0,NULL),(1035,174,'10','06','04','JOSE CRESPO Y CASTILLO','2013-04-26 16:54:02',NULL,0,NULL),(1036,174,'10','06','05','LUYANDO','2013-04-26 16:54:02',NULL,0,NULL),(1037,174,'10','06','06','MARIANO DAMASO BERAUN','2013-04-26 16:54:02',NULL,0,NULL),(1038,174,'10','07','00','MARA?ON','2013-04-26 16:54:02',NULL,0,NULL),(1039,174,'10','07','01','HUACRACHUCO','2013-04-26 16:54:02',NULL,0,NULL),(1040,174,'10','07','02','CHOLON','2013-04-26 16:54:02',NULL,0,NULL),(1041,174,'10','07','03','SAN BUENAVENTURA','2013-04-26 16:54:02',NULL,0,NULL),(1042,174,'10','08','00','PACHITEA','2013-04-26 16:54:02',NULL,0,NULL),(1043,174,'10','08','01','PANAO','2013-04-26 16:54:02',NULL,0,NULL),(1044,174,'10','08','02','CHAGLLA','2013-04-26 16:54:02',NULL,0,NULL),(1045,174,'10','08','03','MOLINO','2013-04-26 16:54:02',NULL,0,NULL),(1046,174,'10','08','04','UMARI','2013-04-26 16:54:02',NULL,0,NULL),(1047,174,'10','09','00','PUERTO INCA','2013-04-26 16:54:02',NULL,0,NULL),(1048,174,'10','09','01','PUERTO INCA','2013-04-26 16:54:02',NULL,0,NULL),(1049,174,'10','09','02','CODO DEL POZUZO','2013-04-26 16:54:02',NULL,0,NULL),(1050,174,'10','09','03','HONORIA','2013-04-26 16:54:02',NULL,0,NULL),(1051,174,'10','09','04','TOURNAVISTA','2013-04-26 16:54:02',NULL,0,NULL),(1052,174,'10','09','05','YUYAPICHIS','2013-04-26 16:54:02',NULL,0,NULL),(1053,174,'10','10','00','LAURICOCHA','2013-04-26 16:54:02',NULL,0,NULL),(1054,174,'10','10','01','JESUS','2013-04-26 16:54:02',NULL,0,NULL),(1055,174,'10','10','02','BA?OS','2013-04-26 16:54:02',NULL,0,NULL),(1056,174,'10','10','03','JIVIA','2013-04-26 16:54:02',NULL,0,NULL),(1057,174,'10','10','04','QUEROPALCA','2013-04-26 16:54:02',NULL,0,NULL),(1058,174,'10','10','05','RONDOS','2013-04-26 16:54:02',NULL,0,NULL),(1059,174,'10','10','06','SAN FRANCISCO DE ASIS','2013-04-26 16:54:02',NULL,0,NULL),(1060,174,'10','10','07','SAN MIGUEL DE CAURI','2013-04-26 16:54:02',NULL,0,NULL),(1061,174,'10','11','00','YAROWILCA','2013-04-26 16:54:02',NULL,0,NULL),(1062,174,'10','11','01','CHAVINILLO','2013-04-26 16:54:02',NULL,0,NULL),(1063,174,'10','11','02','CAHUAC','2013-04-26 16:54:02',NULL,0,NULL),(1064,174,'10','11','03','CHACABAMBA','2013-04-26 16:54:02',NULL,0,NULL),(1065,174,'10','11','04','APARICIO POMARES','2013-04-26 16:54:02',NULL,0,NULL),(1066,174,'10','11','05','JACAS CHICO','2013-04-26 16:54:02',NULL,0,NULL),(1067,174,'10','11','06','OBAS','2013-04-26 16:54:02',NULL,0,NULL),(1068,174,'10','11','07','PAMPAMARCA','2013-04-26 16:54:02',NULL,0,NULL),(1069,174,'10','11','08','CHORAS','2013-04-26 16:54:02',NULL,0,NULL),(1070,174,'11','00','00','ICA','2013-04-26 16:54:02',NULL,0,NULL),(1071,174,'11','01','00','ICA','2013-04-26 16:54:02',NULL,0,NULL),(1072,174,'11','01','01','ICA','2013-04-26 16:54:02',NULL,0,NULL),(1073,174,'11','01','02','LA TINGUI?A','2013-04-26 16:54:02',NULL,0,NULL),(1074,174,'11','01','03','LOS AQUIJES','2013-04-26 16:54:02',NULL,0,NULL),(1075,174,'11','01','04','OCUCAJE','2013-04-26 16:54:02',NULL,0,NULL),(1076,174,'11','01','05','PACHACUTEC','2013-04-26 16:54:02',NULL,0,NULL),(1077,174,'11','01','06','PARCONA','2013-04-26 16:54:02',NULL,0,NULL),(1078,174,'11','01','07','PUEBLO NUEVO','2013-04-26 16:54:02',NULL,0,NULL),(1079,174,'11','01','08','SALAS','2013-04-26 16:54:02',NULL,0,NULL),(1080,174,'11','01','09','SAN JOSE DE LOS MOLINOS','2013-04-26 16:54:02',NULL,0,NULL),(1081,174,'11','01','10','SAN JUAN BAUTISTA','2013-04-26 16:54:02',NULL,0,NULL),(1082,174,'11','01','11','SANTIAGO','2013-04-26 16:54:02',NULL,0,NULL),(1083,174,'11','01','12','SUBTANJALLA','2013-04-26 16:54:02',NULL,0,NULL),(1084,174,'11','01','13','TATE','2013-04-26 16:54:02',NULL,0,NULL),(1085,174,'11','01','14','YAUCA DEL ROSARIO','2013-04-26 16:54:02',NULL,0,NULL),(1086,174,'11','02','00','CHINCHA','2013-04-26 16:54:02',NULL,0,NULL),(1087,174,'11','02','01','CHINCHA ALTA','2013-04-26 16:54:02',NULL,0,NULL),(1088,174,'11','02','02','ALTO LARAN','2013-04-26 16:54:02',NULL,0,NULL),(1089,174,'11','02','03','CHAVIN','2013-04-26 16:54:02',NULL,0,NULL),(1090,174,'11','02','04','CHINCHA BAJA','2013-04-26 16:54:02',NULL,0,NULL),(1091,174,'11','02','05','EL CARMEN','2013-04-26 16:54:02',NULL,0,NULL),(1092,174,'11','02','06','GROCIO PRADO','2013-04-26 16:54:02',NULL,0,NULL),(1093,174,'11','02','07','PUEBLO NUEVO','2013-04-26 16:54:02',NULL,0,NULL),(1094,174,'11','02','08','SAN JUAN DE YANAC','2013-04-26 16:54:02',NULL,0,NULL),(1095,174,'11','02','09','SAN PEDRO DE HUACARPANA','2013-04-26 16:54:02',NULL,0,NULL),(1096,174,'11','02','10','SUNAMPE','2013-04-26 16:54:02',NULL,0,NULL),(1097,174,'11','02','11','TAMBO DE MORA','2013-04-26 16:54:02',NULL,0,NULL),(1098,174,'11','03','00','NAZCA','2013-04-26 16:54:02',NULL,0,NULL),(1099,174,'11','03','01','NAZCA','2013-04-26 16:54:02',NULL,0,NULL),(1100,174,'11','03','02','CHANGUILLO','2013-04-26 16:54:02',NULL,0,NULL),(1101,174,'11','03','03','EL INGENIO','2013-04-26 16:54:02',NULL,0,NULL),(1102,174,'11','03','04','MARCONA','2013-04-26 16:54:02',NULL,0,NULL),(1103,174,'11','03','05','VISTA ALEGRE','2013-04-26 16:54:02',NULL,0,NULL),(1104,174,'11','04','00','PALPA','2013-04-26 16:54:02',NULL,0,NULL),(1105,174,'11','04','01','PALPA','2013-04-26 16:54:02',NULL,0,NULL),(1106,174,'11','04','02','LLIPATA','2013-04-26 16:54:02',NULL,0,NULL),(1107,174,'11','04','03','RIO GRANDE','2013-04-26 16:54:02',NULL,0,NULL),(1108,174,'11','04','04','SANTA CRUZ','2013-04-26 16:54:02',NULL,0,NULL),(1109,174,'11','04','05','TIBILLO','2013-04-26 16:54:02',NULL,0,NULL),(1110,174,'11','05','00','PISCO','2013-04-26 16:54:02',NULL,0,NULL),(1111,174,'11','05','01','PISCO','2013-04-26 16:54:02',NULL,0,NULL),(1112,174,'11','05','02','HUANCANO','2013-04-26 16:54:02',NULL,0,NULL),(1113,174,'11','05','03','HUMAY','2013-04-26 16:54:02',NULL,0,NULL),(1114,174,'11','05','04','INDEPENDENCIA','2013-04-26 16:54:02',NULL,0,NULL),(1115,174,'11','05','05','PARACAS','2013-04-26 16:54:02',NULL,0,NULL),(1116,174,'11','05','06','SAN ANDRES','2013-04-26 16:54:02',NULL,0,NULL),(1117,174,'11','05','07','SAN CLEMENTE','2013-04-26 16:54:02',NULL,0,NULL),(1118,174,'11','05','08','TUPAC AMARU INCA','2013-04-26 16:54:02',NULL,0,NULL),(1119,174,'12','00','00','JUNIN','2013-04-26 16:54:02',NULL,0,NULL),(1120,174,'12','01','00','HUANCAYO','2013-04-26 16:54:02',NULL,0,NULL),(1121,174,'12','01','01','HUANCAYO','2013-04-26 16:54:02',NULL,0,NULL),(1122,174,'12','01','04','CARHUACALLANGA','2013-04-26 16:54:02',NULL,0,NULL),(1123,174,'12','01','05','CHACAPAMPA','2013-04-26 16:54:02',NULL,0,NULL),(1124,174,'12','01','06','CHICCHE','2013-04-26 16:54:02',NULL,0,NULL),(1125,174,'12','01','07','CHILCA','2013-04-26 16:54:02',NULL,0,NULL),(1126,174,'12','01','08','CHONGOS ALTO','2013-04-26 16:54:02',NULL,0,NULL),(1127,174,'12','01','11','CHUPURO','2013-04-26 16:54:02',NULL,0,NULL),(1128,174,'12','01','12','COLCA','2013-04-26 16:54:02',NULL,0,NULL),(1129,174,'12','01','13','CULLHUAS','2013-04-26 16:54:02',NULL,0,NULL),(1130,174,'12','01','14','EL TAMBO','2013-04-26 16:54:02',NULL,0,NULL),(1131,174,'12','01','16','HUACRAPUQUIO','2013-04-26 16:54:02',NULL,0,NULL),(1132,174,'12','01','17','HUALHUAS','2013-04-26 16:54:02',NULL,0,NULL),(1133,174,'12','01','19','HUANCAN','2013-04-26 16:54:02',NULL,0,NULL),(1134,174,'12','01','20','HUASICANCHA','2013-04-26 16:54:02',NULL,0,NULL),(1135,174,'12','01','21','HUAYUCACHI','2013-04-26 16:54:02',NULL,0,NULL),(1136,174,'12','01','22','INGENIO','2013-04-26 16:54:02',NULL,0,NULL),(1137,174,'12','01','24','PARIAHUANCA','2013-04-26 16:54:02',NULL,0,NULL),(1138,174,'12','01','25','PILCOMAYO','2013-04-26 16:54:02',NULL,0,NULL),(1139,174,'12','01','26','PUCARA','2013-04-26 16:54:02',NULL,0,NULL),(1140,174,'12','01','27','QUICHUAY','2013-04-26 16:54:02',NULL,0,NULL),(1141,174,'12','01','28','QUILCAS','2013-04-26 16:54:02',NULL,0,NULL),(1142,174,'12','01','29','SAN AGUSTIN','2013-04-26 16:54:02',NULL,0,NULL),(1143,174,'12','01','30','SAN JERONIMO DE TUNAN','2013-04-26 16:54:02',NULL,0,NULL),(1144,174,'12','01','32','SA?O','2013-04-26 16:54:02',NULL,0,NULL),(1145,174,'12','01','33','SAPALLANGA','2013-04-26 16:54:02',NULL,0,NULL),(1146,174,'12','01','34','SICAYA','2013-04-26 16:54:02',NULL,0,NULL),(1147,174,'12','01','35','SANTO DOMINGO DE ACOBAMBA','2013-04-26 16:54:02',NULL,0,NULL),(1148,174,'12','01','36','VIQUES','2013-04-26 16:54:02',NULL,0,NULL),(1149,174,'12','02','00','CONCEPCION','2013-04-26 16:54:02',NULL,0,NULL),(1150,174,'12','02','01','CONCEPCION','2013-04-26 16:54:02',NULL,0,NULL),(1151,174,'12','02','02','ACO','2013-04-26 16:54:02',NULL,0,NULL),(1152,174,'12','02','03','ANDAMARCA','2013-04-26 16:54:02',NULL,0,NULL),(1153,174,'12','02','04','CHAMBARA','2013-04-26 16:54:02',NULL,0,NULL),(1154,174,'12','02','05','COCHAS','2013-04-26 16:54:02',NULL,0,NULL),(1155,174,'12','02','06','COMAS','2013-04-26 16:54:02',NULL,0,NULL),(1156,174,'12','02','07','HEROINAS TOLEDO','2013-04-26 16:54:02',NULL,0,NULL),(1157,174,'12','02','08','MANZANARES','2013-04-26 16:54:02',NULL,0,NULL),(1158,174,'12','02','09','MARISCAL CASTILLA','2013-04-26 16:54:02',NULL,0,NULL),(1159,174,'12','02','10','MATAHUASI','2013-04-26 16:54:02',NULL,0,NULL),(1160,174,'12','02','11','MITO','2013-04-26 16:54:02',NULL,0,NULL),(1161,174,'12','02','12','NUEVE DE JULIO','2013-04-26 16:54:02',NULL,0,NULL),(1162,174,'12','02','13','ORCOTUNA','2013-04-26 16:54:02',NULL,0,NULL),(1163,174,'12','02','14','SAN JOSE DE QUERO','2013-04-26 16:54:02',NULL,0,NULL),(1164,174,'12','02','15','SANTA ROSA DE OCOPA','2013-04-26 16:54:02',NULL,0,NULL),(1165,174,'12','03','00','CHANCHAMAYO','2013-04-26 16:54:02',NULL,0,NULL),(1166,174,'12','03','01','CHANCHAMAYO','2013-04-26 16:54:02',NULL,0,NULL),(1167,174,'12','03','02','PERENE','2013-04-26 16:54:02',NULL,0,NULL),(1168,174,'12','03','03','PICHANAQUI','2013-04-26 16:54:02',NULL,0,NULL),(1169,174,'12','03','04','SAN LUIS DE SHUARO','2013-04-26 16:54:02',NULL,0,NULL),(1170,174,'12','03','05','SAN RAMON','2013-04-26 16:54:02',NULL,0,NULL),(1171,174,'12','03','06','VITOC','2013-04-26 16:54:02',NULL,0,NULL),(1172,174,'12','04','00','JAUJA','2013-04-26 16:54:02',NULL,0,NULL),(1173,174,'12','04','01','JAUJA','2013-04-26 16:54:02',NULL,0,NULL),(1174,174,'12','04','02','ACOLLA','2013-04-26 16:54:02',NULL,0,NULL),(1175,174,'12','04','03','APATA','2013-04-26 16:54:02',NULL,0,NULL),(1176,174,'12','04','04','ATAURA','2013-04-26 16:54:02',NULL,0,NULL),(1177,174,'12','04','05','CANCHAYLLO','2013-04-26 16:54:02',NULL,0,NULL),(1178,174,'12','04','06','CURICACA','2013-04-26 16:54:02',NULL,0,NULL),(1179,174,'12','04','07','EL MANTARO','2013-04-26 16:54:02',NULL,0,NULL),(1180,174,'12','04','08','HUAMALI','2013-04-26 16:54:02',NULL,0,NULL),(1181,174,'12','04','09','HUARIPAMPA','2013-04-26 16:54:02',NULL,0,NULL),(1182,174,'12','04','10','HUERTAS','2013-04-26 16:54:02',NULL,0,NULL),(1183,174,'12','04','11','JANJAILLO','2013-04-26 16:54:02',NULL,0,NULL),(1184,174,'12','04','12','JULCAN','2013-04-26 16:54:02',NULL,0,NULL),(1185,174,'12','04','13','LEONOR ORDO?EZ','2013-04-26 16:54:02',NULL,0,NULL),(1186,174,'12','04','14','LLOCLLAPAMPA','2013-04-26 16:54:02',NULL,0,NULL),(1187,174,'12','04','15','MARCO','2013-04-26 16:54:02',NULL,0,NULL),(1188,174,'12','04','16','MASMA','2013-04-26 16:54:02',NULL,0,NULL),(1189,174,'12','04','17','MASMA CHICCHE','2013-04-26 16:54:02',NULL,0,NULL),(1190,174,'12','04','18','MOLINOS','2013-04-26 16:54:02',NULL,0,NULL),(1191,174,'12','04','19','MONOBAMBA','2013-04-26 16:54:02',NULL,0,NULL),(1192,174,'12','04','20','MUQUI','2013-04-26 16:54:02',NULL,0,NULL),(1193,174,'12','04','21','MUQUIYAUYO','2013-04-26 16:54:02',NULL,0,NULL),(1194,174,'12','04','22','PACA','2013-04-26 16:54:02',NULL,0,NULL),(1195,174,'12','04','23','PACCHA','2013-04-26 16:54:02',NULL,0,NULL),(1196,174,'12','04','24','PANCAN','2013-04-26 16:54:02',NULL,0,NULL),(1197,174,'12','04','25','PARCO','2013-04-26 16:54:02',NULL,0,NULL),(1198,174,'12','04','26','POMACANCHA','2013-04-26 16:54:02',NULL,0,NULL),(1199,174,'12','04','27','RICRAN','2013-04-26 16:54:02',NULL,0,NULL),(1200,174,'12','04','28','SAN LORENZO','2013-04-26 16:54:02',NULL,0,NULL),(1201,174,'12','04','29','SAN PEDRO DE CHUNAN','2013-04-26 16:54:02',NULL,0,NULL),(1202,174,'12','04','30','SAUSA','2013-04-26 16:54:02',NULL,0,NULL),(1203,174,'12','04','31','SINCOS','2013-04-26 16:54:02',NULL,0,NULL),(1204,174,'12','04','32','TUNAN MARCA','2013-04-26 16:54:02',NULL,0,NULL),(1205,174,'12','04','33','YAULI','2013-04-26 16:54:02',NULL,0,NULL),(1206,174,'12','04','34','YAUYOS','2013-04-26 16:54:02',NULL,0,NULL),(1207,174,'12','05','00','JUNIN','2013-04-26 16:54:02',NULL,0,NULL),(1208,174,'12','05','01','JUNIN','2013-04-26 16:54:02',NULL,0,NULL),(1209,174,'12','05','02','CARHUAMAYO','2013-04-26 16:54:02',NULL,0,NULL),(1210,174,'12','05','03','ONDORES','2013-04-26 16:54:02',NULL,0,NULL),(1211,174,'12','05','04','ULCUMAYO','2013-04-26 16:54:02',NULL,0,NULL),(1212,174,'12','06','00','SATIPO','2013-04-26 16:54:02',NULL,0,NULL),(1213,174,'12','06','01','SATIPO','2013-04-26 16:54:02',NULL,0,NULL),(1214,174,'12','06','02','COVIRIALI','2013-04-26 16:54:02',NULL,0,NULL),(1215,174,'12','06','03','LLAYLLA','2013-04-26 16:54:02',NULL,0,NULL),(1216,174,'12','06','04','MAZAMARI','2013-04-26 16:54:02',NULL,0,NULL),(1217,174,'12','06','05','PAMPA HERMOSA','2013-04-26 16:54:02',NULL,0,NULL),(1218,174,'12','06','06','PANGOA','2013-04-26 16:54:02',NULL,0,NULL),(1219,174,'12','06','07','RIO NEGRO','2013-04-26 16:54:02',NULL,0,NULL),(1220,174,'12','06','08','RIO TAMBO','2013-04-26 16:54:02',NULL,0,NULL),(1221,174,'12','07','00','TARMA','2013-04-26 16:54:02',NULL,0,NULL),(1222,174,'12','07','01','TARMA','2013-04-26 16:54:02',NULL,0,NULL),(1223,174,'12','07','02','ACOBAMBA','2013-04-26 16:54:02',NULL,0,NULL),(1224,174,'12','07','03','HUARICOLCA','2013-04-26 16:54:02',NULL,0,NULL),(1225,174,'12','07','04','HUASAHUASI','2013-04-26 16:54:02',NULL,0,NULL),(1226,174,'12','07','05','LA UNION','2013-04-26 16:54:02',NULL,0,NULL),(1227,174,'12','07','06','PALCA','2013-04-26 16:54:02',NULL,0,NULL),(1228,174,'12','07','07','PALCAMAYO','2013-04-26 16:54:02',NULL,0,NULL),(1229,174,'12','07','08','SAN PEDRO DE CAJAS','2013-04-26 16:54:02',NULL,0,NULL),(1230,174,'12','07','09','TAPO','2013-04-26 16:54:02',NULL,0,NULL),(1231,174,'12','08','00','YAULI','2013-04-26 16:54:02',NULL,0,NULL),(1232,174,'12','08','01','LA OROYA','2013-04-26 16:54:02',NULL,0,NULL),(1233,174,'12','08','02','CHACAPALPA','2013-04-26 16:54:02',NULL,0,NULL),(1234,174,'12','08','03','HUAY-HUAY','2013-04-26 16:54:02',NULL,0,NULL),(1235,174,'12','08','04','MARCAPOMACOCHA','2013-04-26 16:54:02',NULL,0,NULL),(1236,174,'12','08','05','MOROCOCHA','2013-04-26 16:54:02',NULL,0,NULL),(1237,174,'12','08','06','PACCHA','2013-04-26 16:54:02',NULL,0,NULL),(1238,174,'12','08','07','SANTA BARBARA DE CARHUACAYAN','2013-04-26 16:54:02',NULL,0,NULL),(1239,174,'12','08','08','SANTA ROSA DE SACCO','2013-04-26 16:54:02',NULL,0,NULL),(1240,174,'12','08','09','SUITUCANCHA','2013-04-26 16:54:02',NULL,0,NULL),(1241,174,'12','08','10','YAULI','2013-04-26 16:54:02',NULL,0,NULL),(1242,174,'12','09','00','CHUPACA','2013-04-26 16:54:02',NULL,0,NULL),(1243,174,'12','09','01','CHUPACA','2013-04-26 16:54:02',NULL,0,NULL),(1244,174,'12','09','02','AHUAC','2013-04-26 16:54:02',NULL,0,NULL),(1245,174,'12','09','03','CHONGOS BAJO','2013-04-26 16:54:02',NULL,0,NULL),(1246,174,'12','09','04','HUACHAC','2013-04-26 16:54:02',NULL,0,NULL),(1247,174,'12','09','05','HUAMANCACA CHICO','2013-04-26 16:54:02',NULL,0,NULL),(1248,174,'12','09','06','SAN JUAN DE YSCOS','2013-04-26 16:54:02',NULL,0,NULL),(1249,174,'12','09','07','SAN JUAN DE JARPA','2013-04-26 16:54:02',NULL,0,NULL),(1250,174,'12','09','08','TRES DE DICIEMBRE','2013-04-26 16:54:02',NULL,0,NULL),(1251,174,'12','09','09','YANACANCHA','2013-04-26 16:54:02',NULL,0,NULL),(1252,174,'13','00','00','LA LIBERTAD','2013-04-26 16:54:02',NULL,0,NULL),(1253,174,'13','01','00','TRUJILLO','2013-04-26 16:54:02',NULL,0,NULL),(1254,174,'13','01','01','TRUJILLO','2013-04-26 16:54:02',NULL,0,NULL),(1255,174,'13','01','02','EL PORVENIR','2013-04-26 16:54:02',NULL,0,NULL),(1256,174,'13','01','03','FLORENCIA DE MORA','2013-04-26 16:54:02',NULL,0,NULL),(1257,174,'13','01','04','HUANCHACO','2013-04-26 16:54:02',NULL,0,NULL),(1258,174,'13','01','05','LA ESPERANZA','2013-04-26 16:54:02',NULL,0,NULL),(1259,174,'13','01','06','LAREDO','2013-04-26 16:54:02',NULL,0,NULL),(1260,174,'13','01','07','MOCHE','2013-04-26 16:54:02',NULL,0,NULL),(1261,174,'13','01','08','POROTO','2013-04-26 16:54:02',NULL,0,NULL),(1262,174,'13','01','09','SALAVERRY','2013-04-26 16:54:02',NULL,0,NULL),(1263,174,'13','01','10','SIMBAL','2013-04-26 16:54:02',NULL,0,NULL),(1264,174,'13','01','11','VICTOR LARCO HERRERA','2013-04-26 16:54:02',NULL,0,NULL),(1265,174,'13','02','00','ASCOPE','2013-04-26 16:54:02',NULL,0,NULL),(1266,174,'13','02','01','ASCOPE','2013-04-26 16:54:02',NULL,0,NULL),(1267,174,'13','02','02','CHICAMA','2013-04-26 16:54:02',NULL,0,NULL),(1268,174,'13','02','03','CHOCOPE','2013-04-26 16:54:02',NULL,0,NULL),(1269,174,'13','02','04','MAGDALENA DE CAO','2013-04-26 16:54:02',NULL,0,NULL),(1270,174,'13','02','05','PAIJAN','2013-04-26 16:54:02',NULL,0,NULL),(1271,174,'13','02','06','RAZURI','2013-04-26 16:54:02',NULL,0,NULL),(1272,174,'13','02','07','SANTIAGO DE CAO','2013-04-26 16:54:02',NULL,0,NULL),(1273,174,'13','02','08','CASA GRANDE','2013-04-26 16:54:02',NULL,0,NULL),(1274,174,'13','03','00','BOLIVAR','2013-04-26 16:54:02',NULL,0,NULL),(1275,174,'13','03','01','BOLIVAR','2013-04-26 16:54:02',NULL,0,NULL),(1276,174,'13','03','02','BAMBAMARCA','2013-04-26 16:54:02',NULL,0,NULL),(1277,174,'13','03','03','CONDORMARCA','2013-04-26 16:54:02',NULL,0,NULL),(1278,174,'13','03','04','LONGOTEA','2013-04-26 16:54:02',NULL,0,NULL),(1279,174,'13','03','05','UCHUMARCA','2013-04-26 16:54:02',NULL,0,NULL),(1280,174,'13','03','06','UCUNCHA','2013-04-26 16:54:02',NULL,0,NULL),(1281,174,'13','04','00','CHEPEN','2013-04-26 16:54:02',NULL,0,NULL),(1282,174,'13','04','01','CHEPEN','2013-04-26 16:54:02',NULL,0,NULL),(1283,174,'13','04','02','PACANGA','2013-04-26 16:54:02',NULL,0,NULL),(1284,174,'13','04','03','PUEBLO NUEVO','2013-04-26 16:54:02',NULL,0,NULL),(1285,174,'13','05','00','JULCAN','2013-04-26 16:54:02',NULL,0,NULL),(1286,174,'13','05','01','JULCAN','2013-04-26 16:54:02',NULL,0,NULL),(1287,174,'13','05','02','CALAMARCA','2013-04-26 16:54:02',NULL,0,NULL),(1288,174,'13','05','03','CARABAMBA','2013-04-26 16:54:02',NULL,0,NULL),(1289,174,'13','05','04','HUASO','2013-04-26 16:54:02',NULL,0,NULL),(1290,174,'13','06','00','OTUZCO','2013-04-26 16:54:02',NULL,0,NULL),(1291,174,'13','06','01','OTUZCO','2013-04-26 16:54:02',NULL,0,NULL),(1292,174,'13','06','02','AGALLPAMPA','2013-04-26 16:54:02',NULL,0,NULL),(1293,174,'13','06','04','CHARAT','2013-04-26 16:54:02',NULL,0,NULL),(1294,174,'13','06','05','HUARANCHAL','2013-04-26 16:54:02',NULL,0,NULL),(1295,174,'13','06','06','LA CUESTA','2013-04-26 16:54:02',NULL,0,NULL),(1296,174,'13','06','08','MACHE','2013-04-26 16:54:02',NULL,0,NULL),(1297,174,'13','06','10','PARANDAY','2013-04-26 16:54:02',NULL,0,NULL),(1298,174,'13','06','11','SALPO','2013-04-26 16:54:02',NULL,0,NULL),(1299,174,'13','06','13','SINSICAP','2013-04-26 16:54:02',NULL,0,NULL),(1300,174,'13','06','14','USQUIL','2013-04-26 16:54:02',NULL,0,NULL),(1301,174,'13','07','00','PACASMAYO','2013-04-26 16:54:02',NULL,0,NULL),(1302,174,'13','07','01','SAN PEDRO DE LLOC','2013-04-26 16:54:02',NULL,0,NULL),(1303,174,'13','07','02','GUADALUPE','2013-04-26 16:54:02',NULL,0,NULL),(1304,174,'13','07','03','JEQUETEPEQUE','2013-04-26 16:54:02',NULL,0,NULL),(1305,174,'13','07','04','PACASMAYO','2013-04-26 16:54:02',NULL,0,NULL),(1306,174,'13','07','05','SAN JOSE','2013-04-26 16:54:02',NULL,0,NULL),(1307,174,'13','08','00','PATAZ','2013-04-26 16:54:02',NULL,0,NULL),(1308,174,'13','08','01','TAYABAMBA','2013-04-26 16:54:02',NULL,0,NULL),(1309,174,'13','08','02','BULDIBUYO','2013-04-26 16:54:02',NULL,0,NULL),(1310,174,'13','08','03','CHILLIA','2013-04-26 16:54:02',NULL,0,NULL),(1311,174,'13','08','04','HUANCASPATA','2013-04-26 16:54:02',NULL,0,NULL),(1312,174,'13','08','05','HUAYLILLAS','2013-04-26 16:54:02',NULL,0,NULL),(1313,174,'13','08','06','HUAYO','2013-04-26 16:54:02',NULL,0,NULL),(1314,174,'13','08','07','ONGON','2013-04-26 16:54:02',NULL,0,NULL),(1315,174,'13','08','08','PARCOY','2013-04-26 16:54:02',NULL,0,NULL),(1316,174,'13','08','09','PATAZ','2013-04-26 16:54:02',NULL,0,NULL),(1317,174,'13','08','10','PIAS','2013-04-26 16:54:02',NULL,0,NULL),(1318,174,'13','08','11','SANTIAGO DE CHALLAS','2013-04-26 16:54:02',NULL,0,NULL),(1319,174,'13','08','12','TAURIJA','2013-04-26 16:54:02',NULL,0,NULL),(1320,174,'13','08','13','URPAY','2013-04-26 16:54:02',NULL,0,NULL),(1321,174,'13','09','00','SANCHEZ CARRION','2013-04-26 16:54:02',NULL,0,NULL),(1322,174,'13','09','01','HUAMACHUCO','2013-04-26 16:54:02',NULL,0,NULL),(1323,174,'13','09','02','CHUGAY','2013-04-26 16:54:02',NULL,0,NULL),(1324,174,'13','09','03','COCHORCO','2013-04-26 16:54:02',NULL,0,NULL),(1325,174,'13','09','04','CURGOS','2013-04-26 16:54:02',NULL,0,NULL),(1326,174,'13','09','05','MARCABAL','2013-04-26 16:54:02',NULL,0,NULL),(1327,174,'13','09','06','SANAGORAN','2013-04-26 16:54:02',NULL,0,NULL),(1328,174,'13','09','07','SARIN','2013-04-26 16:54:02',NULL,0,NULL),(1329,174,'13','09','08','SARTIMBAMBA','2013-04-26 16:54:02',NULL,0,NULL),(1330,174,'13','10','00','SANTIAGO DE CHUCO','2013-04-26 16:54:02',NULL,0,NULL),(1331,174,'13','10','01','SANTIAGO DE CHUCO','2013-04-26 16:54:02',NULL,0,NULL),(1332,174,'13','10','02','ANGASMARCA','2013-04-26 16:54:02',NULL,0,NULL),(1333,174,'13','10','03','CACHICADAN','2013-04-26 16:54:02',NULL,0,NULL),(1334,174,'13','10','04','MOLLEBAMBA','2013-04-26 16:54:02',NULL,0,NULL),(1335,174,'13','10','05','MOLLEPATA','2013-04-26 16:54:02',NULL,0,NULL),(1336,174,'13','10','06','QUIRUVILCA','2013-04-26 16:54:02',NULL,0,NULL),(1337,174,'13','10','07','SANTA CRUZ DE CHUCA','2013-04-26 16:54:02',NULL,0,NULL),(1338,174,'13','10','08','SITABAMBA','2013-04-26 16:54:02',NULL,0,NULL),(1339,174,'13','11','00','GRAN CHIMU','2013-04-26 16:54:02',NULL,0,NULL),(1340,174,'13','11','01','CASCAS','2013-04-26 16:54:02',NULL,0,NULL),(1341,174,'13','11','02','LUCMA','2013-04-26 16:54:02',NULL,0,NULL),(1342,174,'13','11','03','COMPIN','2013-04-26 16:54:02',NULL,0,NULL),(1343,174,'13','11','04','SAYAPULLO','2013-04-26 16:54:02',NULL,0,NULL),(1344,174,'13','12','00','VIRU','2013-04-26 16:54:02',NULL,0,NULL),(1345,174,'13','12','01','VIRU','2013-04-26 16:54:02',NULL,0,NULL),(1346,174,'13','12','02','CHAO','2013-04-26 16:54:02',NULL,0,NULL),(1347,174,'13','12','03','GUADALUPITO','2013-04-26 16:54:02',NULL,0,NULL),(1348,174,'14','00','00','LAMBAYEQUE','2013-04-26 16:54:02',NULL,0,NULL),(1349,174,'14','01','00','CHICLAYO','2013-04-26 16:54:02',NULL,0,NULL),(1350,174,'14','01','01','CHICLAYO','2013-04-26 16:54:02',NULL,0,NULL),(1351,174,'14','01','02','CHONGOYAPE','2013-04-26 16:54:02',NULL,0,NULL),(1352,174,'14','01','03','ETEN','2013-04-26 16:54:02',NULL,0,NULL),(1353,174,'14','01','04','ETEN PUERTO','2013-04-26 16:54:02',NULL,0,NULL),(1354,174,'14','01','05','JOSE LEONARDO ORTIZ','2013-04-26 16:54:02',NULL,0,NULL),(1355,174,'14','01','06','LA VICTORIA','2013-04-26 16:54:02',NULL,0,NULL),(1356,174,'14','01','07','LAGUNAS','2013-04-26 16:54:02',NULL,0,NULL),(1357,174,'14','01','08','MONSEFU','2013-04-26 16:54:02',NULL,0,NULL),(1358,174,'14','01','09','NUEVA ARICA','2013-04-26 16:54:02',NULL,0,NULL),(1359,174,'14','01','10','OYOTUN','2013-04-26 16:54:02',NULL,0,NULL),(1360,174,'14','01','11','PICSI','2013-04-26 16:54:02',NULL,0,NULL),(1361,174,'14','01','12','PIMENTEL','2013-04-26 16:54:02',NULL,0,NULL),(1362,174,'14','01','13','REQUE','2013-04-26 16:54:02',NULL,0,NULL),(1363,174,'14','01','14','SANTA ROSA','2013-04-26 16:54:02',NULL,0,NULL),(1364,174,'14','01','15','SA?A','2013-04-26 16:54:02',NULL,0,NULL),(1365,174,'14','01','16','CAYALTI','2013-04-26 16:54:02',NULL,0,NULL),(1366,174,'14','01','17','PATAPO','2013-04-26 16:54:02',NULL,0,NULL),(1367,174,'14','01','18','POMALCA','2013-04-26 16:54:02',NULL,0,NULL),(1368,174,'14','01','19','PUCALA','2013-04-26 16:54:02',NULL,0,NULL),(1369,174,'14','01','20','TUMAN','2013-04-26 16:54:02',NULL,0,NULL),(1370,174,'14','02','00','FERRE?AFE','2013-04-26 16:54:02',NULL,0,NULL),(1371,174,'14','02','01','FERRE?AFE','2013-04-26 16:54:02',NULL,0,NULL),(1372,174,'14','02','02','CA?ARIS','2013-04-26 16:54:02',NULL,0,NULL),(1373,174,'14','02','03','INCAHUASI','2013-04-26 16:54:02',NULL,0,NULL),(1374,174,'14','02','04','MANUEL ANTONIO MESONES MURO','2013-04-26 16:54:02',NULL,0,NULL),(1375,174,'14','02','05','PITIPO','2013-04-26 16:54:02',NULL,0,NULL),(1376,174,'14','02','06','PUEBLO NUEVO','2013-04-26 16:54:02',NULL,0,NULL),(1377,174,'14','03','00','LAMBAYEQUE','2013-04-26 16:54:02',NULL,0,NULL),(1378,174,'14','03','01','LAMBAYEQUE','2013-04-26 16:54:02',NULL,0,NULL),(1379,174,'14','03','02','CHOCHOPE','2013-04-26 16:54:02',NULL,0,NULL),(1380,174,'14','03','03','ILLIMO','2013-04-26 16:54:02',NULL,0,NULL),(1381,174,'14','03','04','JAYANCA','2013-04-26 16:54:02',NULL,0,NULL),(1382,174,'14','03','05','MOCHUMI','2013-04-26 16:54:02',NULL,0,NULL),(1383,174,'14','03','06','MORROPE','2013-04-26 16:54:02',NULL,0,NULL),(1384,174,'14','03','07','MOTUPE','2013-04-26 16:54:02',NULL,0,NULL),(1385,174,'14','03','08','OLMOS','2013-04-26 16:54:02',NULL,0,NULL),(1386,174,'14','03','09','PACORA','2013-04-26 16:54:02',NULL,0,NULL),(1387,174,'14','03','10','SALAS','2013-04-26 16:54:02',NULL,0,NULL),(1388,174,'14','03','11','SAN JOSE','2013-04-26 16:54:02',NULL,0,NULL),(1389,174,'14','03','12','TUCUME','2013-04-26 16:54:02',NULL,0,NULL),(1390,174,'15','00','00','LIMA','2013-04-26 16:54:02',NULL,0,NULL),(1391,174,'15','01','00','LIMA','2013-04-26 16:54:02',NULL,0,NULL),(1392,174,'15','01','01','LIMA','2013-04-26 16:54:02',NULL,0,NULL),(1393,174,'15','01','02','ANCON','2013-04-26 16:54:02',NULL,0,NULL),(1394,174,'15','01','03','ATE','2013-04-26 16:54:02',NULL,0,NULL),(1395,174,'15','01','04','BARRANCO','2013-04-26 16:54:02',NULL,0,NULL),(1396,174,'15','01','05','BREÑA','2013-04-26 16:54:02',NULL,0,NULL),(1397,174,'15','01','06','CARABAYLLO','2013-04-26 16:54:02',NULL,0,NULL),(1398,174,'15','01','07','CHACLACAYO','2013-04-26 16:54:02',NULL,0,NULL),(1399,174,'15','01','08','CHORRILLOS','2013-04-26 16:54:02',NULL,0,NULL),(1400,174,'15','01','09','CIENEGUILLA','2013-04-26 16:54:02',NULL,0,NULL),(1401,174,'15','01','10','COMAS','2013-04-26 16:54:02',NULL,0,NULL),(1402,174,'15','01','11','EL AGUSTINO','2013-04-26 16:54:02',NULL,0,NULL),(1403,174,'15','01','12','INDEPENDENCIA','2013-04-26 16:54:02',NULL,0,NULL),(1404,174,'15','01','13','JESUS MARIA','2013-04-26 16:54:02',NULL,0,NULL),(1405,174,'15','01','14','LA MOLINA','2013-04-26 16:54:02',NULL,0,NULL),(1406,174,'15','01','15','LA VICTORIA','2013-04-26 16:54:02',NULL,0,NULL),(1407,174,'15','01','16','LINCE','2013-04-26 16:54:02',NULL,0,NULL),(1408,174,'15','01','17','LOS OLIVOS','2013-04-26 16:54:02',NULL,0,NULL),(1409,174,'15','01','18','LURIGANCHO','2013-04-26 16:54:02',NULL,0,NULL),(1410,174,'15','01','19','LURIN','2013-04-26 16:54:02',NULL,0,NULL),(1411,174,'15','01','20','MAGDALENA DEL MAR','2013-04-26 16:54:02',NULL,0,NULL),(1412,174,'15','01','21','MAGDALENA VIEJA','2013-04-26 16:54:02',NULL,0,NULL),(1413,174,'15','01','22','MIRAFLORES','2013-04-26 16:54:02',NULL,0,NULL),(1414,174,'15','01','23','PACHACAMAC','2013-04-26 16:54:02',NULL,0,NULL),(1415,174,'15','01','24','PUCUSANA','2013-04-26 16:54:02',NULL,0,NULL),(1416,174,'15','01','25','PUENTE PIEDRA','2013-04-26 16:54:02',NULL,0,NULL),(1417,174,'15','01','26','PUNTA HERMOSA','2013-04-26 16:54:02',NULL,0,NULL),(1418,174,'15','01','27','PUNTA NEGRA','2013-04-26 16:54:02',NULL,0,NULL),(1419,174,'15','01','28','RIMAC','2013-04-26 16:54:02',NULL,0,NULL),(1420,174,'15','01','29','SAN BARTOLO','2013-04-26 16:54:02',NULL,0,NULL),(1421,174,'15','01','30','SAN BORJA','2013-04-26 16:54:02',NULL,0,NULL),(1422,174,'15','01','31','SAN ISIDRO','2013-04-26 16:54:02',NULL,0,NULL),(1423,174,'15','01','32','SAN JUAN DE LURIGANCHO','2013-04-26 16:54:02',NULL,0,NULL),(1424,174,'15','01','33','SAN JUAN DE MIRAFLORES','2013-04-26 16:54:02',NULL,0,NULL),(1425,174,'15','01','34','SAN LUIS','2013-04-26 16:54:02',NULL,0,NULL),(1426,174,'15','01','35','SAN MARTIN DE PORRES','2013-04-26 16:54:02',NULL,0,NULL),(1427,174,'15','01','36','SAN MIGUEL','2013-04-26 16:54:02',NULL,0,NULL),(1428,174,'15','01','37','SANTA ANITA','2013-04-26 16:54:02',NULL,0,NULL),(1429,174,'15','01','38','SANTA MARIA DEL MAR','2013-04-26 16:54:02',NULL,0,NULL),(1430,174,'15','01','39','SANTA ROSA','2013-04-26 16:54:02',NULL,0,NULL),(1431,174,'15','01','40','SANTIAGO DE SURCO','2013-04-26 16:54:02',NULL,0,NULL),(1432,174,'15','01','41','SURQUILLO','2013-04-26 16:54:02',NULL,0,NULL),(1433,174,'15','01','42','VILLA EL SALVADOR','2013-04-26 16:54:02',NULL,0,NULL),(1434,174,'15','01','43','VILLA MARIA DEL TRIUNFO','2013-04-26 16:54:02',NULL,0,NULL),(1435,174,'15','02','00','BARRANCA','2013-04-26 16:54:02',NULL,0,NULL),(1436,174,'15','02','01','BARRANCA','2013-04-26 16:54:02',NULL,0,NULL),(1437,174,'15','02','02','PARAMONGA','2013-04-26 16:54:02',NULL,0,NULL),(1438,174,'15','02','03','PATIVILCA','2013-04-26 16:54:02',NULL,0,NULL),(1439,174,'15','02','04','SUPE','2013-04-26 16:54:02',NULL,0,NULL),(1440,174,'15','02','05','SUPE PUERTO','2013-04-26 16:54:02',NULL,0,NULL),(1441,174,'15','03','00','CAJATAMBO','2013-04-26 16:54:02',NULL,0,NULL),(1442,174,'15','03','01','CAJATAMBO','2013-04-26 16:54:02',NULL,0,NULL),(1443,174,'15','03','02','COPA','2013-04-26 16:54:02',NULL,0,NULL),(1444,174,'15','03','03','GORGOR','2013-04-26 16:54:02',NULL,0,NULL),(1445,174,'15','03','04','HUANCAPON','2013-04-26 16:54:02',NULL,0,NULL),(1446,174,'15','03','05','MANAS','2013-04-26 16:54:02',NULL,0,NULL),(1447,174,'15','04','00','CANTA','2013-04-26 16:54:02',NULL,0,NULL),(1448,174,'15','04','01','CANTA','2013-04-26 16:54:02',NULL,0,NULL),(1449,174,'15','04','02','ARAHUAY','2013-04-26 16:54:02',NULL,0,NULL),(1450,174,'15','04','03','HUAMANTANGA','2013-04-26 16:54:02',NULL,0,NULL),(1451,174,'15','04','04','HUAROS','2013-04-26 16:54:02',NULL,0,NULL),(1452,174,'15','04','05','LACHAQUI','2013-04-26 16:54:02',NULL,0,NULL),(1453,174,'15','04','06','SAN BUENAVENTURA','2013-04-26 16:54:02',NULL,0,NULL),(1454,174,'15','04','07','SANTA ROSA DE QUIVES','2013-04-26 16:54:02',NULL,0,NULL),(1455,174,'15','05','00','CA?ETE','2013-04-26 16:54:02',NULL,0,NULL),(1456,174,'15','05','01','SAN VICENTE DE CA?ETE','2013-04-26 16:54:02',NULL,0,NULL),(1457,174,'15','05','02','ASIA','2013-04-26 16:54:02',NULL,0,NULL),(1458,174,'15','05','03','CALANGO','2013-04-26 16:54:02',NULL,0,NULL),(1459,174,'15','05','04','CERRO AZUL','2013-04-26 16:54:02',NULL,0,NULL),(1460,174,'15','05','05','CHILCA','2013-04-26 16:54:02',NULL,0,NULL),(1461,174,'15','05','06','COAYLLO','2013-04-26 16:54:02',NULL,0,NULL),(1462,174,'15','05','07','IMPERIAL','2013-04-26 16:54:02',NULL,0,NULL),(1463,174,'15','05','08','LUNAHUANA','2013-04-26 16:54:02',NULL,0,NULL),(1464,174,'15','05','09','MALA','2013-04-26 16:54:02',NULL,0,NULL),(1465,174,'15','05','10','NUEVO IMPERIAL','2013-04-26 16:54:02',NULL,0,NULL),(1466,174,'15','05','11','PACARAN','2013-04-26 16:54:02',NULL,0,NULL),(1467,174,'15','05','12','QUILMANA','2013-04-26 16:54:02',NULL,0,NULL),(1468,174,'15','05','13','SAN ANTONIO','2013-04-26 16:54:02',NULL,0,NULL),(1469,174,'15','05','14','SAN LUIS','2013-04-26 16:54:02',NULL,0,NULL),(1470,174,'15','05','15','SANTA CRUZ DE FLORES','2013-04-26 16:54:02',NULL,0,NULL),(1471,174,'15','05','16','ZU?IGA','2013-04-26 16:54:02',NULL,0,NULL),(1472,174,'15','06','00','HUARAL','2013-04-26 16:54:02',NULL,0,NULL),(1473,174,'15','06','01','HUARAL','2013-04-26 16:54:02',NULL,0,NULL),(1474,174,'15','06','02','ATAVILLOS ALTO','2013-04-26 16:54:02',NULL,0,NULL),(1475,174,'15','06','03','ATAVILLOS BAJO','2013-04-26 16:54:02',NULL,0,NULL),(1476,174,'15','06','04','AUCALLAMA','2013-04-26 16:54:02',NULL,0,NULL),(1477,174,'15','06','05','CHANCAY','2013-04-26 16:54:02',NULL,0,NULL),(1478,174,'15','06','06','IHUARI','2013-04-26 16:54:02',NULL,0,NULL),(1479,174,'15','06','07','LAMPIAN','2013-04-26 16:54:02',NULL,0,NULL),(1480,174,'15','06','08','PACARAOS','2013-04-26 16:54:02',NULL,0,NULL),(1481,174,'15','06','09','SAN MIGUEL DE ACOS','2013-04-26 16:54:02',NULL,0,NULL),(1482,174,'15','06','10','SANTA CRUZ DE ANDAMARCA','2013-04-26 16:54:02',NULL,0,NULL),(1483,174,'15','06','11','SUMBILCA','2013-04-26 16:54:02',NULL,0,NULL),(1484,174,'15','06','12','VEINTISIETE DE NOVIEMBRE','2013-04-26 16:54:02',NULL,0,NULL),(1485,174,'15','07','00','HUAROCHIRI','2013-04-26 16:54:02',NULL,0,NULL),(1486,174,'15','07','01','MATUCANA','2013-04-26 16:54:02',NULL,0,NULL),(1487,174,'15','07','02','ANTIOQUIA','2013-04-26 16:54:02',NULL,0,NULL),(1488,174,'15','07','03','CALLAHUANCA','2013-04-26 16:54:02',NULL,0,NULL),(1489,174,'15','07','04','CARAMPOMA','2013-04-26 16:54:02',NULL,0,NULL),(1490,174,'15','07','05','CHICLA','2013-04-26 16:54:02',NULL,0,NULL),(1491,174,'15','07','06','CUENCA','2013-04-26 16:54:02',NULL,0,NULL),(1492,174,'15','07','07','HUACHUPAMPA','2013-04-26 16:54:02',NULL,0,NULL),(1493,174,'15','07','08','HUANZA','2013-04-26 16:54:02',NULL,0,NULL),(1494,174,'15','07','09','HUAROCHIRI','2013-04-26 16:54:02',NULL,0,NULL),(1495,174,'15','07','10','LAHUAYTAMBO','2013-04-26 16:54:02',NULL,0,NULL),(1496,174,'15','07','11','LANGA','2013-04-26 16:54:02',NULL,0,NULL),(1497,174,'15','07','12','LARAOS','2013-04-26 16:54:02',NULL,0,NULL),(1498,174,'15','07','13','MARIATANA','2013-04-26 16:54:02',NULL,0,NULL),(1499,174,'15','07','14','RICARDO PALMA','2013-04-26 16:54:02',NULL,0,NULL),(1500,174,'15','07','15','SAN ANDRES DE TUPICOCHA','2013-04-26 16:54:02',NULL,0,NULL),(1501,174,'15','07','16','SAN ANTONIO','2013-04-26 16:54:02',NULL,0,NULL),(1502,174,'15','07','17','SAN BARTOLOME','2013-04-26 16:54:02',NULL,0,NULL),(1503,174,'15','07','18','SAN DAMIAN','2013-04-26 16:54:02',NULL,0,NULL),(1504,174,'15','07','19','SAN JUAN DE IRIS','2013-04-26 16:54:02',NULL,0,NULL),(1505,174,'15','07','20','SAN JUAN DE TANTARANCHE','2013-04-26 16:54:02',NULL,0,NULL),(1506,174,'15','07','21','SAN LORENZO DE QUINTI','2013-04-26 16:54:02',NULL,0,NULL),(1507,174,'15','07','22','SAN MATEO','2013-04-26 16:54:02',NULL,0,NULL),(1508,174,'15','07','23','SAN MATEO DE OTAO','2013-04-26 16:54:02',NULL,0,NULL),(1509,174,'15','07','24','SAN PEDRO DE CASTA','2013-04-26 16:54:02',NULL,0,NULL),(1510,174,'15','07','25','SAN PEDRO DE HUANCAYRE','2013-04-26 16:54:02',NULL,0,NULL),(1511,174,'15','07','26','SANGALLAYA','2013-04-26 16:54:02',NULL,0,NULL),(1512,174,'15','07','27','SANTA CRUZ DE COCACHACRA','2013-04-26 16:54:02',NULL,0,NULL),(1513,174,'15','07','28','SANTA EULALIA','2013-04-26 16:54:02',NULL,0,NULL),(1514,174,'15','07','29','SANTIAGO DE ANCHUCAYA','2013-04-26 16:54:02',NULL,0,NULL),(1515,174,'15','07','30','SANTIAGO DE TUNA','2013-04-26 16:54:02',NULL,0,NULL),(1516,174,'15','07','31','SANTO DOMINGO DE LOS OLLEROS','2013-04-26 16:54:02',NULL,0,NULL),(1517,174,'15','07','32','SURCO','2013-04-26 16:54:02',NULL,0,NULL),(1518,174,'15','08','00','HUAURA','2013-04-26 16:54:02',NULL,0,NULL),(1519,174,'15','08','01','HUACHO','2013-04-26 16:54:02',NULL,0,NULL),(1520,174,'15','08','02','AMBAR','2013-04-26 16:54:02',NULL,0,NULL),(1521,174,'15','08','03','CALETA DE CARQUIN','2013-04-26 16:54:02',NULL,0,NULL),(1522,174,'15','08','04','CHECRAS','2013-04-26 16:54:02',NULL,0,NULL),(1523,174,'15','08','05','HUALMAY','2013-04-26 16:54:02',NULL,0,NULL),(1524,174,'15','08','06','HUAURA','2013-04-26 16:54:02',NULL,0,NULL),(1525,174,'15','08','07','LEONCIO PRADO','2013-04-26 16:54:02',NULL,0,NULL),(1526,174,'15','08','08','PACCHO','2013-04-26 16:54:02',NULL,0,NULL),(1527,174,'15','08','09','SANTA LEONOR','2013-04-26 16:54:02',NULL,0,NULL),(1528,174,'15','08','10','SANTA MARIA','2013-04-26 16:54:02',NULL,0,NULL),(1529,174,'15','08','11','SAYAN','2013-04-26 16:54:02',NULL,0,NULL),(1530,174,'15','08','12','VEGUETA','2013-04-26 16:54:02',NULL,0,NULL),(1531,174,'15','09','00','OYON','2013-04-26 16:54:02',NULL,0,NULL),(1532,174,'15','09','01','OYON','2013-04-26 16:54:02',NULL,0,NULL),(1533,174,'15','09','02','ANDAJES','2013-04-26 16:54:02',NULL,0,NULL),(1534,174,'15','09','03','CAUJUL','2013-04-26 16:54:02',NULL,0,NULL),(1535,174,'15','09','04','COCHAMARCA','2013-04-26 16:54:02',NULL,0,NULL),(1536,174,'15','09','05','NAVAN','2013-04-26 16:54:02',NULL,0,NULL),(1537,174,'15','09','06','PACHANGARA','2013-04-26 16:54:02',NULL,0,NULL),(1538,174,'15','10','00','YAUYOS','2013-04-26 16:54:02',NULL,0,NULL),(1539,174,'15','10','01','YAUYOS','2013-04-26 16:54:02',NULL,0,NULL),(1540,174,'15','10','02','ALIS','2013-04-26 16:54:02',NULL,0,NULL),(1541,174,'15','10','03','AYAUCA','2013-04-26 16:54:02',NULL,0,NULL),(1542,174,'15','10','04','AYAVIRI','2013-04-26 16:54:02',NULL,0,NULL),(1543,174,'15','10','05','AZANGARO','2013-04-26 16:54:02',NULL,0,NULL),(1544,174,'15','10','06','CACRA','2013-04-26 16:54:02',NULL,0,NULL),(1545,174,'15','10','07','CARANIA','2013-04-26 16:54:02',NULL,0,NULL),(1546,174,'15','10','08','CATAHUASI','2013-04-26 16:54:02',NULL,0,NULL),(1547,174,'15','10','09','CHOCOS','2013-04-26 16:54:02',NULL,0,NULL),(1548,174,'15','10','10','COCHAS','2013-04-26 16:54:02',NULL,0,NULL),(1549,174,'15','10','11','COLONIA','2013-04-26 16:54:02',NULL,0,NULL),(1550,174,'15','10','12','HONGOS','2013-04-26 16:54:02',NULL,0,NULL),(1551,174,'15','10','13','HUAMPARA','2013-04-26 16:54:02',NULL,0,NULL),(1552,174,'15','10','14','HUANCAYA','2013-04-26 16:54:02',NULL,0,NULL),(1553,174,'15','10','15','HUANGASCAR','2013-04-26 16:54:02',NULL,0,NULL),(1554,174,'15','10','16','HUANTAN','2013-04-26 16:54:02',NULL,0,NULL),(1555,174,'15','10','17','HUA?EC','2013-04-26 16:54:02',NULL,0,NULL),(1556,174,'15','10','18','LARAOS','2013-04-26 16:54:02',NULL,0,NULL),(1557,174,'15','10','19','LINCHA','2013-04-26 16:54:02',NULL,0,NULL),(1558,174,'15','10','20','MADEAN','2013-04-26 16:54:02',NULL,0,NULL),(1559,174,'15','10','21','MIRAFLORES','2013-04-26 16:54:02',NULL,0,NULL),(1560,174,'15','10','22','OMAS','2013-04-26 16:54:02',NULL,0,NULL),(1561,174,'15','10','23','PUTINZA','2013-04-26 16:54:02',NULL,0,NULL),(1562,174,'15','10','24','QUINCHES','2013-04-26 16:54:02',NULL,0,NULL),(1563,174,'15','10','25','QUINOCAY','2013-04-26 16:54:02',NULL,0,NULL),(1564,174,'15','10','26','SAN JOAQUIN','2013-04-26 16:54:02',NULL,0,NULL),(1565,174,'15','10','27','SAN PEDRO DE PILAS','2013-04-26 16:54:02',NULL,0,NULL),(1566,174,'15','10','28','TANTA','2013-04-26 16:54:02',NULL,0,NULL),(1567,174,'15','10','29','TAURIPAMPA','2013-04-26 16:54:02',NULL,0,NULL),(1568,174,'15','10','30','TOMAS','2013-04-26 16:54:02',NULL,0,NULL),(1569,174,'15','10','31','TUPE','2013-04-26 16:54:02',NULL,0,NULL),(1570,174,'15','10','32','VI?AC','2013-04-26 16:54:02',NULL,0,NULL),(1571,174,'15','10','33','VITIS','2013-04-26 16:54:02',NULL,0,NULL),(1572,174,'16','00','00','LORETO','2013-04-26 16:54:02',NULL,0,NULL),(1573,174,'16','01','00','MAYNAS','2013-04-26 16:54:02',NULL,0,NULL),(1574,174,'16','01','01','IQUITOS','2013-04-26 16:54:02',NULL,0,NULL),(1575,174,'16','01','02','ALTO NANAY','2013-04-26 16:54:02',NULL,0,NULL),(1576,174,'16','01','03','FERNANDO LORES','2013-04-26 16:54:02',NULL,0,NULL),(1577,174,'16','01','04','INDIANA','2013-04-26 16:54:02',NULL,0,NULL),(1578,174,'16','01','05','LAS AMAZONAS','2013-04-26 16:54:02',NULL,0,NULL),(1579,174,'16','01','06','MAZAN','2013-04-26 16:54:02',NULL,0,NULL),(1580,174,'16','01','07','NAPO','2013-04-26 16:54:02',NULL,0,NULL),(1581,174,'16','01','08','PUNCHANA','2013-04-26 16:54:02',NULL,0,NULL),(1582,174,'16','01','09','PUTUMAYO','2013-04-26 16:54:02',NULL,0,NULL),(1583,174,'16','01','10','TORRES CAUSANA','2013-04-26 16:54:02',NULL,0,NULL),(1584,174,'16','01','12','BELEN','2013-04-26 16:54:02',NULL,0,NULL),(1585,174,'16','01','13','SAN JUAN BAUTISTA','2013-04-26 16:54:02',NULL,0,NULL),(1586,174,'16','01','14','TENIENTE MANUEL CLAVERO','2013-04-26 16:54:02',NULL,0,NULL),(1587,174,'16','02','00','ALTO AMAZONAS','2013-04-26 16:54:02',NULL,0,NULL),(1588,174,'16','02','01','YURIMAGUAS','2013-04-26 16:54:02',NULL,0,NULL),(1589,174,'16','02','02','BALSAPUERTO','2013-04-26 16:54:02',NULL,0,NULL),(1590,174,'16','02','05','JEBEROS','2013-04-26 16:54:02',NULL,0,NULL),(1591,174,'16','02','06','LAGUNAS','2013-04-26 16:54:02',NULL,0,NULL),(1592,174,'16','02','10','SANTA CRUZ','2013-04-26 16:54:02',NULL,0,NULL),(1593,174,'16','02','11','TENIENTE CESAR LOPEZ ROJAS','2013-04-26 16:54:02',NULL,0,NULL),(1594,174,'16','03','00','LORETO','2013-04-26 16:54:02',NULL,0,NULL),(1595,174,'16','03','01','NAUTA','2013-04-26 16:54:02',NULL,0,NULL),(1596,174,'16','03','02','PARINARI','2013-04-26 16:54:02',NULL,0,NULL),(1597,174,'16','03','03','TIGRE','2013-04-26 16:54:02',NULL,0,NULL),(1598,174,'16','03','04','TROMPETEROS','2013-04-26 16:54:02',NULL,0,NULL),(1599,174,'16','03','05','URARINAS','2013-04-26 16:54:02',NULL,0,NULL),(1600,174,'16','04','00','MARISCAL RAMON CASTILLA','2013-04-26 16:54:02',NULL,0,NULL),(1601,174,'16','04','01','RAMON CASTILLA','2013-04-26 16:54:02',NULL,0,NULL),(1602,174,'16','04','02','PEBAS','2013-04-26 16:54:02',NULL,0,NULL),(1603,174,'16','04','03','YAVARI','2013-04-26 16:54:02',NULL,0,NULL),(1604,174,'16','04','04','SAN PABLO','2013-04-26 16:54:02',NULL,0,NULL),(1605,174,'16','05','00','REQUENA','2013-04-26 16:54:02',NULL,0,NULL),(1606,174,'16','05','01','REQUENA','2013-04-26 16:54:02',NULL,0,NULL),(1607,174,'16','05','02','ALTO TAPICHE','2013-04-26 16:54:02',NULL,0,NULL),(1608,174,'16','05','03','CAPELO','2013-04-26 16:54:02',NULL,0,NULL),(1609,174,'16','05','04','EMILIO SAN MARTIN','2013-04-26 16:54:02',NULL,0,NULL),(1610,174,'16','05','05','MAQUIA','2013-04-26 16:54:02',NULL,0,NULL),(1611,174,'16','05','06','PUINAHUA','2013-04-26 16:54:02',NULL,0,NULL),(1612,174,'16','05','07','SAQUENA','2013-04-26 16:54:02',NULL,0,NULL),(1613,174,'16','05','08','SOPLIN','2013-04-26 16:54:02',NULL,0,NULL),(1614,174,'16','05','09','TAPICHE','2013-04-26 16:54:02',NULL,0,NULL),(1615,174,'16','05','10','JENARO HERRERA','2013-04-26 16:54:02',NULL,0,NULL),(1616,174,'16','05','11','YAQUERANA','2013-04-26 16:54:02',NULL,0,NULL),(1617,174,'16','06','00','UCAYALI','2013-04-26 16:54:02',NULL,0,NULL),(1618,174,'16','06','01','CONTAMANA','2013-04-26 16:54:02',NULL,0,NULL),(1619,174,'16','06','02','INAHUAYA','2013-04-26 16:54:02',NULL,0,NULL),(1620,174,'16','06','03','PADRE MARQUEZ','2013-04-26 16:54:02',NULL,0,NULL),(1621,174,'16','06','04','PAMPA HERMOSA','2013-04-26 16:54:02',NULL,0,NULL),(1622,174,'16','06','05','SARAYACU','2013-04-26 16:54:02',NULL,0,NULL),(1623,174,'16','06','06','VARGAS GUERRA','2013-04-26 16:54:02',NULL,0,NULL),(1624,174,'16','07','00','DATEM DEL MARA?ON','2013-04-26 16:54:02',NULL,0,NULL),(1625,174,'16','07','01','BARRANCA','2013-04-26 16:54:02',NULL,0,NULL),(1626,174,'16','07','02','CAHUAPANAS','2013-04-26 16:54:02',NULL,0,NULL),(1627,174,'16','07','03','MANSERICHE','2013-04-26 16:54:02',NULL,0,NULL),(1628,174,'16','07','04','MORONA','2013-04-26 16:54:02',NULL,0,NULL),(1629,174,'16','07','05','PASTAZA','2013-04-26 16:54:02',NULL,0,NULL),(1630,174,'16','07','06','ANDOAS','2013-04-26 16:54:02',NULL,0,NULL),(1631,174,'17','00','00','MADRE DE DIOS','2013-04-26 16:54:02',NULL,0,NULL),(1632,174,'17','01','00','TAMBOPATA','2013-04-26 16:54:02',NULL,0,NULL),(1633,174,'17','01','01','TAMBOPATA','2013-04-26 16:54:02',NULL,0,NULL),(1634,174,'17','01','02','INAMBARI','2013-04-26 16:54:02',NULL,0,NULL),(1635,174,'17','01','03','LAS PIEDRAS','2013-04-26 16:54:02',NULL,0,NULL),(1636,174,'17','01','04','LABERINTO','2013-04-26 16:54:02',NULL,0,NULL),(1637,174,'17','02','00','MANU','2013-04-26 16:54:02',NULL,0,NULL),(1638,174,'17','02','01','MANU','2013-04-26 16:54:02',NULL,0,NULL),(1639,174,'17','02','02','FITZCARRALD','2013-04-26 16:54:02',NULL,0,NULL),(1640,174,'17','02','03','MADRE DE DIOS','2013-04-26 16:54:02',NULL,0,NULL),(1641,174,'17','02','04','HUEPETUHE','2013-04-26 16:54:02',NULL,0,NULL),(1642,174,'17','03','00','TAHUAMANU','2013-04-26 16:54:02',NULL,0,NULL),(1643,174,'17','03','01','I?APARI','2013-04-26 16:54:02',NULL,0,NULL),(1644,174,'17','03','02','IBERIA','2013-04-26 16:54:02',NULL,0,NULL),(1645,174,'17','03','03','TAHUAMANU','2013-04-26 16:54:02',NULL,0,NULL),(1646,174,'18','00','00','MOQUEGUA','2013-04-26 16:54:02',NULL,0,NULL),(1647,174,'18','01','00','MARISCAL NIETO','2013-04-26 16:54:02',NULL,0,NULL),(1648,174,'18','01','01','MOQUEGUA','2013-04-26 16:54:02',NULL,0,NULL),(1649,174,'18','01','02','CARUMAS','2013-04-26 16:54:02',NULL,0,NULL),(1650,174,'18','01','03','CUCHUMBAYA','2013-04-26 16:54:02',NULL,0,NULL),(1651,174,'18','01','04','SAMEGUA','2013-04-26 16:54:02',NULL,0,NULL),(1652,174,'18','01','05','SAN CRISTOBAL','2013-04-26 16:54:02',NULL,0,NULL),(1653,174,'18','01','06','TORATA','2013-04-26 16:54:02',NULL,0,NULL),(1654,174,'18','02','00','GENERAL SANCHEZ CERRO','2013-04-26 16:54:02',NULL,0,NULL),(1655,174,'18','02','01','OMATE','2013-04-26 16:54:02',NULL,0,NULL),(1656,174,'18','02','02','CHOJATA','2013-04-26 16:54:02',NULL,0,NULL),(1657,174,'18','02','03','COALAQUE','2013-04-26 16:54:02',NULL,0,NULL),(1658,174,'18','02','04','ICHU?A','2013-04-26 16:54:02',NULL,0,NULL),(1659,174,'18','02','05','LA CAPILLA','2013-04-26 16:54:02',NULL,0,NULL),(1660,174,'18','02','06','LLOQUE','2013-04-26 16:54:02',NULL,0,NULL),(1661,174,'18','02','07','MATALAQUE','2013-04-26 16:54:02',NULL,0,NULL),(1662,174,'18','02','08','PUQUINA','2013-04-26 16:54:02',NULL,0,NULL),(1663,174,'18','02','09','QUINISTAQUILLAS','2013-04-26 16:54:02',NULL,0,NULL),(1664,174,'18','02','10','UBINAS','2013-04-26 16:54:02',NULL,0,NULL),(1665,174,'18','02','11','YUNGA','2013-04-26 16:54:02',NULL,0,NULL),(1666,174,'18','03','00','ILO','2013-04-26 16:54:02',NULL,0,NULL),(1667,174,'18','03','01','ILO','2013-04-26 16:54:02',NULL,0,NULL),(1668,174,'18','03','02','EL ALGARROBAL','2013-04-26 16:54:02',NULL,0,NULL),(1669,174,'18','03','03','PACOCHA','2013-04-26 16:54:02',NULL,0,NULL),(1670,174,'19','00','00','PASCO','2013-04-26 16:54:02',NULL,0,NULL),(1671,174,'19','01','00','PASCO','2013-04-26 16:54:02',NULL,0,NULL),(1672,174,'19','01','01','CHAUPIMARCA','2013-04-26 16:54:02',NULL,0,NULL),(1673,174,'19','01','02','HUACHON','2013-04-26 16:54:02',NULL,0,NULL),(1674,174,'19','01','03','HUARIACA','2013-04-26 16:54:02',NULL,0,NULL),(1675,174,'19','01','04','HUAYLLAY','2013-04-26 16:54:02',NULL,0,NULL),(1676,174,'19','01','05','NINACACA','2013-04-26 16:54:02',NULL,0,NULL),(1677,174,'19','01','06','PALLANCHACRA','2013-04-26 16:54:02',NULL,0,NULL),(1678,174,'19','01','07','PAUCARTAMBO','2013-04-26 16:54:02',NULL,0,NULL),(1679,174,'19','01','08','SAN FRANCISCO DE ASIS DE YARUSYACAN','2013-04-26 16:54:02',NULL,0,NULL),(1680,174,'19','01','09','SIMON BOLIVAR','2013-04-26 16:54:02',NULL,0,NULL),(1681,174,'19','01','10','TICLACAYAN','2013-04-26 16:54:02',NULL,0,NULL),(1682,174,'19','01','11','TINYAHUARCO','2013-04-26 16:54:02',NULL,0,NULL),(1683,174,'19','01','12','VICCO','2013-04-26 16:54:02',NULL,0,NULL),(1684,174,'19','01','13','YANACANCHA','2013-04-26 16:54:02',NULL,0,NULL),(1685,174,'19','02','00','DANIEL ALCIDES CARRION','2013-04-26 16:54:02',NULL,0,NULL),(1686,174,'19','02','01','YANAHUANCA','2013-04-26 16:54:02',NULL,0,NULL),(1687,174,'19','02','02','CHACAYAN','2013-04-26 16:54:02',NULL,0,NULL),(1688,174,'19','02','03','GOYLLARISQUIZGA','2013-04-26 16:54:02',NULL,0,NULL),(1689,174,'19','02','04','PAUCAR','2013-04-26 16:54:02',NULL,0,NULL),(1690,174,'19','02','05','SAN PEDRO DE PILLAO','2013-04-26 16:54:02',NULL,0,NULL),(1691,174,'19','02','06','SANTA ANA DE TUSI','2013-04-26 16:54:02',NULL,0,NULL),(1692,174,'19','02','07','TAPUC','2013-04-26 16:54:02',NULL,0,NULL),(1693,174,'19','02','08','VILCABAMBA','2013-04-26 16:54:02',NULL,0,NULL),(1694,174,'19','03','00','OXAPAMPA','2013-04-26 16:54:02',NULL,0,NULL),(1695,174,'19','03','01','OXAPAMPA','2013-04-26 16:54:02',NULL,0,NULL),(1696,174,'19','03','02','CHONTABAMBA','2013-04-26 16:54:02',NULL,0,NULL),(1697,174,'19','03','03','HUANCABAMBA','2013-04-26 16:54:02',NULL,0,NULL),(1698,174,'19','03','04','PALCAZU','2013-04-26 16:54:02',NULL,0,NULL),(1699,174,'19','03','05','POZUZO','2013-04-26 16:54:02',NULL,0,NULL),(1700,174,'19','03','06','PUERTO BERMUDEZ','2013-04-26 16:54:02',NULL,0,NULL),(1701,174,'19','03','07','VILLA RICA','2013-04-26 16:54:02',NULL,0,NULL),(1702,174,'20','00','00','PIURA','2013-04-26 16:54:02',NULL,0,NULL),(1703,174,'20','01','00','PIURA','2013-04-26 16:54:02',NULL,0,NULL),(1704,174,'20','01','01','PIURA','2013-04-26 16:54:02',NULL,0,NULL),(1705,174,'20','01','04','CASTILLA','2013-04-26 16:54:02',NULL,0,NULL),(1706,174,'20','01','05','CATACAOS','2013-04-26 16:54:02',NULL,0,NULL),(1707,174,'20','01','07','CURA MORI','2013-04-26 16:54:02',NULL,0,NULL),(1708,174,'20','01','08','EL TALLAN','2013-04-26 16:54:02',NULL,0,NULL),(1709,174,'20','01','09','LA ARENA','2013-04-26 16:54:02',NULL,0,NULL),(1710,174,'20','01','10','LA UNION','2013-04-26 16:54:02',NULL,0,NULL),(1711,174,'20','01','11','LAS LOMAS','2013-04-26 16:54:02',NULL,0,NULL),(1712,174,'20','01','14','TAMBO GRANDE','2013-04-26 16:54:02',NULL,0,NULL),(1713,174,'20','02','00','AYABACA','2013-04-26 16:54:02',NULL,0,NULL),(1714,174,'20','02','01','AYABACA','2013-04-26 16:54:02',NULL,0,NULL),(1715,174,'20','02','02','FRIAS','2013-04-26 16:54:02',NULL,0,NULL),(1716,174,'20','02','03','JILILI','2013-04-26 16:54:02',NULL,0,NULL),(1717,174,'20','02','04','LAGUNAS','2013-04-26 16:54:02',NULL,0,NULL),(1718,174,'20','02','05','MONTERO','2013-04-26 16:54:02',NULL,0,NULL),(1719,174,'20','02','06','PACAIPAMPA','2013-04-26 16:54:02',NULL,0,NULL),(1720,174,'20','02','07','PAIMAS','2013-04-26 16:54:02',NULL,0,NULL),(1721,174,'20','02','08','SAPILLICA','2013-04-26 16:54:02',NULL,0,NULL),(1722,174,'20','02','09','SICCHEZ','2013-04-26 16:54:02',NULL,0,NULL),(1723,174,'20','02','10','SUYO','2013-04-26 16:54:02',NULL,0,NULL),(1724,174,'20','03','00','HUANCABAMBA','2013-04-26 16:54:02',NULL,0,NULL),(1725,174,'20','03','01','HUANCABAMBA','2013-04-26 16:54:02',NULL,0,NULL),(1726,174,'20','03','02','CANCHAQUE','2013-04-26 16:54:02',NULL,0,NULL),(1727,174,'20','03','03','EL CARMEN DE LA FRONTERA','2013-04-26 16:54:02',NULL,0,NULL),(1728,174,'20','03','04','HUARMACA','2013-04-26 16:54:02',NULL,0,NULL),(1729,174,'20','03','05','LALAQUIZ','2013-04-26 16:54:02',NULL,0,NULL),(1730,174,'20','03','06','SAN MIGUEL DE EL FAIQUE','2013-04-26 16:54:02',NULL,0,NULL),(1731,174,'20','03','07','SONDOR','2013-04-26 16:54:02',NULL,0,NULL),(1732,174,'20','03','08','SONDORILLO','2013-04-26 16:54:02',NULL,0,NULL),(1733,174,'20','04','00','MORROPON','2013-04-26 16:54:02',NULL,0,NULL),(1734,174,'20','04','01','CHULUCANAS','2013-04-26 16:54:02',NULL,0,NULL),(1735,174,'20','04','02','BUENOS AIRES','2013-04-26 16:54:02',NULL,0,NULL),(1736,174,'20','04','03','CHALACO','2013-04-26 16:54:02',NULL,0,NULL),(1737,174,'20','04','04','LA MATANZA','2013-04-26 16:54:02',NULL,0,NULL),(1738,174,'20','04','05','MORROPON','2013-04-26 16:54:02',NULL,0,NULL),(1739,174,'20','04','06','SALITRAL','2013-04-26 16:54:02',NULL,0,NULL),(1740,174,'20','04','07','SAN JUAN DE BIGOTE','2013-04-26 16:54:02',NULL,0,NULL),(1741,174,'20','04','08','SANTA CATALINA DE MOSSA','2013-04-26 16:54:02',NULL,0,NULL),(1742,174,'20','04','09','SANTO DOMINGO','2013-04-26 16:54:02',NULL,0,NULL),(1743,174,'20','04','10','YAMANGO','2013-04-26 16:54:02',NULL,0,NULL),(1744,174,'20','05','00','PAITA','2013-04-26 16:54:02',NULL,0,NULL),(1745,174,'20','05','01','PAITA','2013-04-26 16:54:02',NULL,0,NULL),(1746,174,'20','05','02','AMOTAPE','2013-04-26 16:54:02',NULL,0,NULL),(1747,174,'20','05','03','ARENAL','2013-04-26 16:54:02',NULL,0,NULL),(1748,174,'20','05','04','COLAN','2013-04-26 16:54:02',NULL,0,NULL),(1749,174,'20','05','05','LA HUACA','2013-04-26 16:54:02',NULL,0,NULL),(1750,174,'20','05','06','TAMARINDO','2013-04-26 16:54:02',NULL,0,NULL),(1751,174,'20','05','07','VICHAYAL','2013-04-26 16:54:02',NULL,0,NULL),(1752,174,'20','06','00','SULLANA','2013-04-26 16:54:02',NULL,0,NULL),(1753,174,'20','06','01','SULLANA','2013-04-26 16:54:02',NULL,0,NULL),(1754,174,'20','06','02','BELLAVISTA','2013-04-26 16:54:02',NULL,0,NULL),(1755,174,'20','06','03','IGNACIO ESCUDERO','2013-04-26 16:54:02',NULL,0,NULL),(1756,174,'20','06','04','LANCONES','2013-04-26 16:54:02',NULL,0,NULL),(1757,174,'20','06','05','MARCAVELICA','2013-04-26 16:54:02',NULL,0,NULL),(1758,174,'20','06','06','MIGUEL CHECA','2013-04-26 16:54:02',NULL,0,NULL),(1759,174,'20','06','07','QUERECOTILLO','2013-04-26 16:54:02',NULL,0,NULL),(1760,174,'20','06','08','SALITRAL','2013-04-26 16:54:02',NULL,0,NULL),(1761,174,'20','07','00','TALARA','2013-04-26 16:54:02',NULL,0,NULL),(1762,174,'20','07','01','PARI?AS','2013-04-26 16:54:02',NULL,0,NULL),(1763,174,'20','07','02','EL ALTO','2013-04-26 16:54:02',NULL,0,NULL),(1764,174,'20','07','03','LA BREA','2013-04-26 16:54:02',NULL,0,NULL),(1765,174,'20','07','04','LOBITOS','2013-04-26 16:54:02',NULL,0,NULL),(1766,174,'20','07','05','LOS ORGANOS','2013-04-26 16:54:02',NULL,0,NULL),(1767,174,'20','07','06','MANCORA','2013-04-26 16:54:02',NULL,0,NULL),(1768,174,'20','08','00','SECHURA','2013-04-26 16:54:02',NULL,0,NULL),(1769,174,'20','08','01','SECHURA','2013-04-26 16:54:02',NULL,0,NULL),(1770,174,'20','08','02','BELLAVISTA DE LA UNION','2013-04-26 16:54:02',NULL,0,NULL),(1771,174,'20','08','03','BERNAL','2013-04-26 16:54:02',NULL,0,NULL),(1772,174,'20','08','04','CRISTO NOS VALGA','2013-04-26 16:54:02',NULL,0,NULL),(1773,174,'20','08','05','VICE','2013-04-26 16:54:02',NULL,0,NULL),(1774,174,'20','08','06','RINCONADA LLICUAR','2013-04-26 16:54:02',NULL,0,NULL),(1775,174,'21','00','00','PUNO','2013-04-26 16:54:02',NULL,0,NULL),(1776,174,'21','01','00','PUNO','2013-04-26 16:54:02',NULL,0,NULL),(1777,174,'21','01','01','PUNO','2013-04-26 16:54:02',NULL,0,NULL),(1778,174,'21','01','02','ACORA','2013-04-26 16:54:02',NULL,0,NULL),(1779,174,'21','01','03','AMANTANI','2013-04-26 16:54:02',NULL,0,NULL),(1780,174,'21','01','04','ATUNCOLLA','2013-04-26 16:54:02',NULL,0,NULL),(1781,174,'21','01','05','CAPACHICA','2013-04-26 16:54:02',NULL,0,NULL),(1782,174,'21','01','06','CHUCUITO','2013-04-26 16:54:02',NULL,0,NULL),(1783,174,'21','01','07','COATA','2013-04-26 16:54:02',NULL,0,NULL),(1784,174,'21','01','08','HUATA','2013-04-26 16:54:02',NULL,0,NULL),(1785,174,'21','01','09','MA?AZO','2013-04-26 16:54:02',NULL,0,NULL),(1786,174,'21','01','10','PAUCARCOLLA','2013-04-26 16:54:02',NULL,0,NULL),(1787,174,'21','01','11','PICHACANI','2013-04-26 16:54:02',NULL,0,NULL),(1788,174,'21','01','12','PLATERIA','2013-04-26 16:54:02',NULL,0,NULL),(1789,174,'21','01','13','SAN ANTONIO','2013-04-26 16:54:02',NULL,0,NULL),(1790,174,'21','01','14','TIQUILLACA','2013-04-26 16:54:02',NULL,0,NULL),(1791,174,'21','01','15','VILQUE','2013-04-26 16:54:02',NULL,0,NULL),(1792,174,'21','02','00','AZANGARO','2013-04-26 16:54:02',NULL,0,NULL),(1793,174,'21','02','01','AZANGARO','2013-04-26 16:54:02',NULL,0,NULL),(1794,174,'21','02','02','ACHAYA','2013-04-26 16:54:02',NULL,0,NULL),(1795,174,'21','02','03','ARAPA','2013-04-26 16:54:02',NULL,0,NULL),(1796,174,'21','02','04','ASILLO','2013-04-26 16:54:02',NULL,0,NULL),(1797,174,'21','02','05','CAMINACA','2013-04-26 16:54:02',NULL,0,NULL),(1798,174,'21','02','06','CHUPA','2013-04-26 16:54:02',NULL,0,NULL),(1799,174,'21','02','07','JOSE DOMINGO CHOQUEHUANCA','2013-04-26 16:54:02',NULL,0,NULL),(1800,174,'21','02','08','MU?ANI','2013-04-26 16:54:02',NULL,0,NULL),(1801,174,'21','02','09','POTONI','2013-04-26 16:54:02',NULL,0,NULL),(1802,174,'21','02','10','SAMAN','2013-04-26 16:54:02',NULL,0,NULL),(1803,174,'21','02','11','SAN ANTON','2013-04-26 16:54:02',NULL,0,NULL),(1804,174,'21','02','12','SAN JOSE','2013-04-26 16:54:02',NULL,0,NULL),(1805,174,'21','02','13','SAN JUAN DE SALINAS','2013-04-26 16:54:02',NULL,0,NULL),(1806,174,'21','02','14','SANTIAGO DE PUPUJA','2013-04-26 16:54:02',NULL,0,NULL),(1807,174,'21','02','15','TIRAPATA','2013-04-26 16:54:02',NULL,0,NULL),(1808,174,'21','03','00','CARABAYA','2013-04-26 16:54:02',NULL,0,NULL),(1809,174,'21','03','01','MACUSANI','2013-04-26 16:54:02',NULL,0,NULL),(1810,174,'21','03','02','AJOYANI','2013-04-26 16:54:02',NULL,0,NULL),(1811,174,'21','03','03','AYAPATA','2013-04-26 16:54:02',NULL,0,NULL),(1812,174,'21','03','04','COASA','2013-04-26 16:54:02',NULL,0,NULL),(1813,174,'21','03','05','CORANI','2013-04-26 16:54:02',NULL,0,NULL),(1814,174,'21','03','06','CRUCERO','2013-04-26 16:54:02',NULL,0,NULL),(1815,174,'21','03','07','ITUATA','2013-04-26 16:54:02',NULL,0,NULL),(1816,174,'21','03','08','OLLACHEA','2013-04-26 16:54:02',NULL,0,NULL),(1817,174,'21','03','09','SAN GABAN','2013-04-26 16:54:02',NULL,0,NULL),(1818,174,'21','03','10','USICAYOS','2013-04-26 16:54:02',NULL,0,NULL),(1819,174,'21','04','00','CHUCUITO','2013-04-26 16:54:02',NULL,0,NULL),(1820,174,'21','04','01','JULI','2013-04-26 16:54:02',NULL,0,NULL),(1821,174,'21','04','02','DESAGUADERO','2013-04-26 16:54:02',NULL,0,NULL),(1822,174,'21','04','03','HUACULLANI','2013-04-26 16:54:02',NULL,0,NULL),(1823,174,'21','04','04','KELLUYO','2013-04-26 16:54:02',NULL,0,NULL),(1824,174,'21','04','05','PISACOMA','2013-04-26 16:54:02',NULL,0,NULL),(1825,174,'21','04','06','POMATA','2013-04-26 16:54:02',NULL,0,NULL),(1826,174,'21','04','07','ZEPITA','2013-04-26 16:54:02',NULL,0,NULL),(1827,174,'21','05','00','EL COLLAO','2013-04-26 16:54:02',NULL,0,NULL),(1828,174,'21','05','01','ILAVE','2013-04-26 16:54:02',NULL,0,NULL),(1829,174,'21','05','02','CAPAZO','2013-04-26 16:54:02',NULL,0,NULL),(1830,174,'21','05','03','PILCUYO','2013-04-26 16:54:02',NULL,0,NULL),(1831,174,'21','05','04','SANTA ROSA','2013-04-26 16:54:02',NULL,0,NULL),(1832,174,'21','05','05','CONDURIRI','2013-04-26 16:54:02',NULL,0,NULL),(1833,174,'21','06','00','HUANCANE','2013-04-26 16:54:02',NULL,0,NULL),(1834,174,'21','06','01','HUANCANE','2013-04-26 16:54:02',NULL,0,NULL),(1835,174,'21','06','02','COJATA','2013-04-26 16:54:02',NULL,0,NULL),(1836,174,'21','06','03','HUATASANI','2013-04-26 16:54:02',NULL,0,NULL),(1837,174,'21','06','04','INCHUPALLA','2013-04-26 16:54:02',NULL,0,NULL),(1838,174,'21','06','05','PUSI','2013-04-26 16:54:02',NULL,0,NULL),(1839,174,'21','06','06','ROSASPATA','2013-04-26 16:54:02',NULL,0,NULL),(1840,174,'21','06','07','TARACO','2013-04-26 16:54:02',NULL,0,NULL),(1841,174,'21','06','08','VILQUE CHICO','2013-04-26 16:54:02',NULL,0,NULL),(1842,174,'21','07','00','LAMPA','2013-04-26 16:54:02',NULL,0,NULL),(1843,174,'21','07','01','LAMPA','2013-04-26 16:54:02',NULL,0,NULL),(1844,174,'21','07','02','CABANILLA','2013-04-26 16:54:02',NULL,0,NULL),(1845,174,'21','07','03','CALAPUJA','2013-04-26 16:54:02',NULL,0,NULL),(1846,174,'21','07','04','NICASIO','2013-04-26 16:54:02',NULL,0,NULL),(1847,174,'21','07','05','OCUVIRI','2013-04-26 16:54:02',NULL,0,NULL),(1848,174,'21','07','06','PALCA','2013-04-26 16:54:02',NULL,0,NULL),(1849,174,'21','07','07','PARATIA','2013-04-26 16:54:02',NULL,0,NULL),(1850,174,'21','07','08','PUCARA','2013-04-26 16:54:02',NULL,0,NULL),(1851,174,'21','07','09','SANTA LUCIA','2013-04-26 16:54:02',NULL,0,NULL),(1852,174,'21','07','10','VILAVILA','2013-04-26 16:54:02',NULL,0,NULL),(1853,174,'21','08','00','MELGAR','2013-04-26 16:54:02',NULL,0,NULL),(1854,174,'21','08','01','AYAVIRI','2013-04-26 16:54:02',NULL,0,NULL),(1855,174,'21','08','02','ANTAUTA','2013-04-26 16:54:02',NULL,0,NULL),(1856,174,'21','08','03','CUPI','2013-04-26 16:54:02',NULL,0,NULL),(1857,174,'21','08','04','LLALLI','2013-04-26 16:54:02',NULL,0,NULL),(1858,174,'21','08','05','MACARI','2013-04-26 16:54:02',NULL,0,NULL),(1859,174,'21','08','06','NU?OA','2013-04-26 16:54:02',NULL,0,NULL),(1860,174,'21','08','07','ORURILLO','2013-04-26 16:54:02',NULL,0,NULL),(1861,174,'21','08','08','SANTA ROSA','2013-04-26 16:54:02',NULL,0,NULL),(1862,174,'21','08','09','UMACHIRI','2013-04-26 16:54:02',NULL,0,NULL),(1863,174,'21','09','00','MOHO','2013-04-26 16:54:02',NULL,0,NULL),(1864,174,'21','09','01','MOHO','2013-04-26 16:54:02',NULL,0,NULL),(1865,174,'21','09','02','CONIMA','2013-04-26 16:54:02',NULL,0,NULL),(1866,174,'21','09','03','HUAYRAPATA','2013-04-26 16:54:02',NULL,0,NULL),(1867,174,'21','09','04','TILALI','2013-04-26 16:54:02',NULL,0,NULL),(1868,174,'21','10','00','SAN ANTONIO DE PUTINA','2013-04-26 16:54:02',NULL,0,NULL),(1869,174,'21','10','01','PUTINA','2013-04-26 16:54:02',NULL,0,NULL),(1870,174,'21','10','02','ANANEA','2013-04-26 16:54:02',NULL,0,NULL),(1871,174,'21','10','03','PEDRO VILCA APAZA','2013-04-26 16:54:02',NULL,0,NULL),(1872,174,'21','10','04','QUILCAPUNCU','2013-04-26 16:54:02',NULL,0,NULL),(1873,174,'21','10','05','SINA','2013-04-26 16:54:02',NULL,0,NULL),(1874,174,'21','11','00','SAN ROMAN','2013-04-26 16:54:02',NULL,0,NULL),(1875,174,'21','11','01','JULIACA','2013-04-26 16:54:02',NULL,0,NULL),(1876,174,'21','11','02','CABANA','2013-04-26 16:54:02',NULL,0,NULL),(1877,174,'21','11','03','CABANILLAS','2013-04-26 16:54:02',NULL,0,NULL),(1878,174,'21','11','04','CARACOTO','2013-04-26 16:54:02',NULL,0,NULL),(1879,174,'21','12','00','SANDIA','2013-04-26 16:54:02',NULL,0,NULL),(1880,174,'21','12','01','SANDIA','2013-04-26 16:54:02',NULL,0,NULL),(1881,174,'21','12','02','CUYOCUYO','2013-04-26 16:54:02',NULL,0,NULL),(1882,174,'21','12','03','LIMBANI','2013-04-26 16:54:02',NULL,0,NULL),(1883,174,'21','12','04','PATAMBUCO','2013-04-26 16:54:02',NULL,0,NULL),(1884,174,'21','12','05','PHARA','2013-04-26 16:54:02',NULL,0,NULL),(1885,174,'21','12','06','QUIACA','2013-04-26 16:54:02',NULL,0,NULL),(1886,174,'21','12','07','SAN JUAN DEL ORO','2013-04-26 16:54:02',NULL,0,NULL),(1887,174,'21','12','08','YANAHUAYA','2013-04-26 16:54:02',NULL,0,NULL),(1888,174,'21','12','09','ALTO INAMBARI','2013-04-26 16:54:02',NULL,0,NULL),(1889,174,'21','12','10','SAN PEDRO DE PUTINA PUNCO','2013-04-26 16:54:02',NULL,0,NULL),(1890,174,'21','13','00','YUNGUYO','2013-04-26 16:54:02',NULL,0,NULL),(1891,174,'21','13','01','YUNGUYO','2013-04-26 16:54:02',NULL,0,NULL),(1892,174,'21','13','02','ANAPIA','2013-04-26 16:54:02',NULL,0,NULL),(1893,174,'21','13','03','COPANI','2013-04-26 16:54:02',NULL,0,NULL),(1894,174,'21','13','04','CUTURAPI','2013-04-26 16:54:02',NULL,0,NULL),(1895,174,'21','13','05','OLLARAYA','2013-04-26 16:54:02',NULL,0,NULL),(1896,174,'21','13','06','TINICACHI','2013-04-26 16:54:02',NULL,0,NULL),(1897,174,'21','13','07','UNICACHI','2013-04-26 16:54:02',NULL,0,NULL),(1898,174,'22','00','00','SAN MARTIN','2013-04-26 16:54:02',NULL,0,NULL),(1899,174,'22','01','00','MOYOBAMBA','2013-04-26 16:54:02',NULL,0,NULL),(1900,174,'22','01','01','MOYOBAMBA','2013-04-26 16:54:02',NULL,0,NULL),(1901,174,'22','01','02','CALZADA','2013-04-26 16:54:02',NULL,0,NULL),(1902,174,'22','01','03','HABANA','2013-04-26 16:54:02',NULL,0,NULL),(1903,174,'22','01','04','JEPELACIO','2013-04-26 16:54:02',NULL,0,NULL),(1904,174,'22','01','05','SORITOR','2013-04-26 16:54:02',NULL,0,NULL),(1905,174,'22','01','06','YANTALO','2013-04-26 16:54:02',NULL,0,NULL),(1906,174,'22','02','00','BELLAVISTA','2013-04-26 16:54:02',NULL,0,NULL),(1907,174,'22','02','01','BELLAVISTA','2013-04-26 16:54:02',NULL,0,NULL),(1908,174,'22','02','02','ALTO BIAVO','2013-04-26 16:54:02',NULL,0,NULL),(1909,174,'22','02','03','BAJO BIAVO','2013-04-26 16:54:02',NULL,0,NULL),(1910,174,'22','02','04','HUALLAGA','2013-04-26 16:54:02',NULL,0,NULL),(1911,174,'22','02','05','SAN PABLO','2013-04-26 16:54:02',NULL,0,NULL),(1912,174,'22','02','06','SAN RAFAEL','2013-04-26 16:54:02',NULL,0,NULL),(1913,174,'22','03','00','EL DORADO','2013-04-26 16:54:02',NULL,0,NULL),(1914,174,'22','03','01','SAN JOSE DE SISA','2013-04-26 16:54:02',NULL,0,NULL),(1915,174,'22','03','02','AGUA BLANCA','2013-04-26 16:54:02',NULL,0,NULL),(1916,174,'22','03','03','SAN MARTIN','2013-04-26 16:54:02',NULL,0,NULL),(1917,174,'22','03','04','SANTA ROSA','2013-04-26 16:54:02',NULL,0,NULL),(1918,174,'22','03','05','SHATOJA','2013-04-26 16:54:02',NULL,0,NULL),(1919,174,'22','04','00','HUALLAGA','2013-04-26 16:54:02',NULL,0,NULL),(1920,174,'22','04','01','SAPOSOA','2013-04-26 16:54:02',NULL,0,NULL),(1921,174,'22','04','02','ALTO SAPOSOA','2013-04-26 16:54:02',NULL,0,NULL),(1922,174,'22','04','03','EL ESLABON','2013-04-26 16:54:02',NULL,0,NULL),(1923,174,'22','04','04','PISCOYACU','2013-04-26 16:54:02',NULL,0,NULL),(1924,174,'22','04','05','SACANCHE','2013-04-26 16:54:02',NULL,0,NULL),(1925,174,'22','04','06','TINGO DE SAPOSOA','2013-04-26 16:54:02',NULL,0,NULL),(1926,174,'22','05','00','LAMAS','2013-04-26 16:54:02',NULL,0,NULL),(1927,174,'22','05','01','LAMAS','2013-04-26 16:54:02',NULL,0,NULL),(1928,174,'22','05','02','ALONSO DE ALVARADO','2013-04-26 16:54:02',NULL,0,NULL),(1929,174,'22','05','03','BARRANQUITA','2013-04-26 16:54:02',NULL,0,NULL),(1930,174,'22','05','04','CAYNARACHI','2013-04-26 16:54:02',NULL,0,NULL),(1931,174,'22','05','05','CU?UMBUQUI','2013-04-26 16:54:02',NULL,0,NULL),(1932,174,'22','05','06','PINTO RECODO','2013-04-26 16:54:02',NULL,0,NULL),(1933,174,'22','05','07','RUMISAPA','2013-04-26 16:54:02',NULL,0,NULL),(1934,174,'22','05','08','SAN ROQUE DE CUMBAZA','2013-04-26 16:54:02',NULL,0,NULL),(1935,174,'22','05','09','SHANAO','2013-04-26 16:54:02',NULL,0,NULL),(1936,174,'22','05','10','TABALOSOS','2013-04-26 16:54:02',NULL,0,NULL),(1937,174,'22','05','11','ZAPATERO','2013-04-26 16:54:02',NULL,0,NULL),(1938,174,'22','06','00','MARISCAL CACERES','2013-04-26 16:54:02',NULL,0,NULL),(1939,174,'22','06','01','JUANJUI','2013-04-26 16:54:02',NULL,0,NULL),(1940,174,'22','06','02','CAMPANILLA','2013-04-26 16:54:02',NULL,0,NULL),(1941,174,'22','06','03','HUICUNGO','2013-04-26 16:54:02',NULL,0,NULL),(1942,174,'22','06','04','PACHIZA','2013-04-26 16:54:02',NULL,0,NULL),(1943,174,'22','06','05','PAJARILLO','2013-04-26 16:54:02',NULL,0,NULL),(1944,174,'22','07','00','PICOTA','2013-04-26 16:54:02',NULL,0,NULL),(1945,174,'22','07','01','PICOTA','2013-04-26 16:54:02',NULL,0,NULL),(1946,174,'22','07','02','BUENOS AIRES','2013-04-26 16:54:02',NULL,0,NULL),(1947,174,'22','07','03','CASPISAPA','2013-04-26 16:54:02',NULL,0,NULL),(1948,174,'22','07','04','PILLUANA','2013-04-26 16:54:02',NULL,0,NULL),(1949,174,'22','07','05','PUCACACA','2013-04-26 16:54:02',NULL,0,NULL),(1950,174,'22','07','06','SAN CRISTOBAL','2013-04-26 16:54:02',NULL,0,NULL),(1951,174,'22','07','07','SAN HILARION','2013-04-26 16:54:02',NULL,0,NULL),(1952,174,'22','07','08','SHAMBOYACU','2013-04-26 16:54:02',NULL,0,NULL),(1953,174,'22','07','09','TINGO DE PONASA','2013-04-26 16:54:02',NULL,0,NULL),(1954,174,'22','07','10','TRES UNIDOS','2013-04-26 16:54:02',NULL,0,NULL),(1955,174,'22','08','00','RIOJA','2013-04-26 16:54:02',NULL,0,NULL),(1956,174,'22','08','01','RIOJA','2013-04-26 16:54:02',NULL,0,NULL),(1957,174,'22','08','02','AWAJUN','2013-04-26 16:54:02',NULL,0,NULL),(1958,174,'22','08','03','ELIAS SOPLIN VARGAS','2013-04-26 16:54:02',NULL,0,NULL),(1959,174,'22','08','04','NUEVA CAJAMARCA','2013-04-26 16:54:02',NULL,0,NULL),(1960,174,'22','08','05','PARDO MIGUEL','2013-04-26 16:54:02',NULL,0,NULL),(1961,174,'22','08','06','POSIC','2013-04-26 16:54:02',NULL,0,NULL),(1962,174,'22','08','07','SAN FERNANDO','2013-04-26 16:54:02',NULL,0,NULL),(1963,174,'22','08','08','YORONGOS','2013-04-26 16:54:02',NULL,0,NULL),(1964,174,'22','08','09','YURACYACU','2013-04-26 16:54:02',NULL,0,NULL),(1965,174,'22','09','00','SAN MARTIN','2013-04-26 16:54:02',NULL,0,NULL),(1966,174,'22','09','01','TARAPOTO','2013-04-26 16:54:02',NULL,0,NULL),(1967,174,'22','09','02','ALBERTO LEVEAU','2013-04-26 16:54:02',NULL,0,NULL),(1968,174,'22','09','03','CACATACHI','2013-04-26 16:54:02',NULL,0,NULL),(1969,174,'22','09','04','CHAZUTA','2013-04-26 16:54:02',NULL,0,NULL),(1970,174,'22','09','05','CHIPURANA','2013-04-26 16:54:02',NULL,0,NULL),(1971,174,'22','09','06','EL PORVENIR','2013-04-26 16:54:02',NULL,0,NULL),(1972,174,'22','09','07','HUIMBAYOC','2013-04-26 16:54:02',NULL,0,NULL),(1973,174,'22','09','08','JUAN GUERRA','2013-04-26 16:54:02',NULL,0,NULL),(1974,174,'22','09','09','LA BANDA DE SHILCAYO','2013-04-26 16:54:02',NULL,0,NULL),(1975,174,'22','09','10','MORALES','2013-04-26 16:54:02',NULL,0,NULL),(1976,174,'22','09','11','PAPAPLAYA','2013-04-26 16:54:02',NULL,0,NULL),(1977,174,'22','09','12','SAN ANTONIO','2013-04-26 16:54:02',NULL,0,NULL),(1978,174,'22','09','13','SAUCE','2013-04-26 16:54:02',NULL,0,NULL),(1979,174,'22','09','14','SHAPAJA','2013-04-26 16:54:02',NULL,0,NULL),(1980,174,'22','10','00','TOCACHE','2013-04-26 16:54:02',NULL,0,NULL),(1981,174,'22','10','01','TOCACHE','2013-04-26 16:54:02',NULL,0,NULL),(1982,174,'22','10','02','NUEVO PROGRESO','2013-04-26 16:54:02',NULL,0,NULL),(1983,174,'22','10','03','POLVORA','2013-04-26 16:54:02',NULL,0,NULL),(1984,174,'22','10','04','SHUNTE','2013-04-26 16:54:02',NULL,0,NULL),(1985,174,'22','10','05','UCHIZA','2013-04-26 16:54:02',NULL,0,NULL),(1986,174,'23','00','00','TACNA','2013-04-26 16:54:02',NULL,0,NULL),(1987,174,'23','01','00','TACNA','2013-04-26 16:54:02',NULL,0,NULL),(1988,174,'23','01','01','TACNA','2013-04-26 16:54:02',NULL,0,NULL),(1989,174,'23','01','02','ALTO DE LA ALIANZA','2013-04-26 16:54:02',NULL,0,NULL),(1990,174,'23','01','03','CALANA','2013-04-26 16:54:02',NULL,0,NULL),(1991,174,'23','01','04','CIUDAD NUEVA','2013-04-26 16:54:02',NULL,0,NULL),(1992,174,'23','01','05','INCLAN','2013-04-26 16:54:02',NULL,0,NULL),(1993,174,'23','01','06','PACHIA','2013-04-26 16:54:02',NULL,0,NULL),(1994,174,'23','01','07','PALCA','2013-04-26 16:54:02',NULL,0,NULL),(1995,174,'23','01','08','POCOLLAY','2013-04-26 16:54:02',NULL,0,NULL),(1996,174,'23','01','09','SAMA','2013-04-26 16:54:02',NULL,0,NULL),(1997,174,'23','01','10','CORONEL GREGORIO ALBARRACIN LANCHIPA','2013-04-26 16:54:02',NULL,0,NULL),(1998,174,'23','02','00','CANDARAVE','2013-04-26 16:54:02',NULL,0,NULL),(1999,174,'23','02','01','CANDARAVE','2013-04-26 16:54:02',NULL,0,NULL),(2000,174,'23','02','02','CAIRANI','2013-04-26 16:54:02',NULL,0,NULL),(2001,174,'23','02','03','CAMILACA','2013-04-26 16:54:02',NULL,0,NULL),(2002,174,'23','02','04','CURIBAYA','2013-04-26 16:54:02',NULL,0,NULL),(2003,174,'23','02','05','HUANUARA','2013-04-26 16:54:02',NULL,0,NULL),(2004,174,'23','02','06','QUILAHUANI','2013-04-26 16:54:02',NULL,0,NULL),(2005,174,'23','03','00','JORGE BASADRE','2013-04-26 16:54:02',NULL,0,NULL),(2006,174,'23','03','01','LOCUMBA','2013-04-26 16:54:02',NULL,0,NULL),(2007,174,'23','03','02','ILABAYA','2013-04-26 16:54:02',NULL,0,NULL),(2008,174,'23','03','03','ITE','2013-04-26 16:54:02',NULL,0,NULL),(2009,174,'23','04','00','TARATA','2013-04-26 16:54:02',NULL,0,NULL),(2010,174,'23','04','01','TARATA','2013-04-26 16:54:02',NULL,0,NULL),(2011,174,'23','04','02','HEROES ALBARRACIN','2013-04-26 16:54:02',NULL,0,NULL),(2012,174,'23','04','03','ESTIQUE','2013-04-26 16:54:02',NULL,0,NULL),(2013,174,'23','04','04','ESTIQUE-PAMPA','2013-04-26 16:54:02',NULL,0,NULL),(2014,174,'23','04','05','SITAJARA','2013-04-26 16:54:02',NULL,0,NULL),(2015,174,'23','04','06','SUSAPAYA','2013-04-26 16:54:02',NULL,0,NULL),(2016,174,'23','04','07','TARUCACHI','2013-04-26 16:54:02',NULL,0,NULL),(2017,174,'23','04','08','TICACO','2013-04-26 16:54:02',NULL,0,NULL),(2018,174,'24','00','00','TUMBES','2013-04-26 16:54:02',NULL,0,NULL),(2019,174,'24','01','00','TUMBES','2013-04-26 16:54:02',NULL,0,NULL),(2020,174,'24','01','01','TUMBES','2013-04-26 16:54:02',NULL,0,NULL),(2021,174,'24','01','02','CORRALES','2013-04-26 16:54:02',NULL,0,NULL),(2022,174,'24','01','03','LA CRUZ','2013-04-26 16:54:02',NULL,0,NULL),(2023,174,'24','01','04','PAMPAS DE HOSPITAL','2013-04-26 16:54:02',NULL,0,NULL),(2024,174,'24','01','05','SAN JACINTO','2013-04-26 16:54:02',NULL,0,NULL),(2025,174,'24','01','06','SAN JUAN DE LA VIRGEN','2013-04-26 16:54:02',NULL,0,NULL),(2026,174,'24','02','00','CONTRALMIRANTE VILLAR','2013-04-26 16:54:02',NULL,0,NULL),(2027,174,'24','02','01','ZORRITOS','2013-04-26 16:54:02',NULL,0,NULL),(2028,174,'24','02','02','CASITAS','2013-04-26 16:54:02',NULL,0,NULL),(2029,174,'24','02','03','CANOAS DE PUNTA SAL','2013-04-26 16:54:02',NULL,0,NULL),(2030,174,'24','03','00','ZARUMILLA','2013-04-26 16:54:02',NULL,0,NULL),(2031,174,'24','03','01','ZARUMILLA','2013-04-26 16:54:02',NULL,0,NULL),(2032,174,'24','03','02','AGUAS VERDES','2013-04-26 16:54:02',NULL,0,NULL),(2033,174,'24','03','03','MATAPALO','2013-04-26 16:54:02',NULL,0,NULL),(2034,174,'24','03','04','PAPAYAL','2013-04-26 16:54:02',NULL,0,NULL),(2035,174,'25','00','00','UCAYALI','2013-04-26 16:54:02',NULL,0,NULL),(2036,174,'25','01','00','CORONEL PORTILLO','2013-04-26 16:54:02',NULL,0,NULL),(2037,174,'25','01','01','CALLERIA','2013-04-26 16:54:02',NULL,0,NULL),(2038,174,'25','01','02','CAMPOVERDE','2013-04-26 16:54:02',NULL,0,NULL),(2039,174,'25','01','03','IPARIA','2013-04-26 16:54:02',NULL,0,NULL),(2040,174,'25','01','04','MASISEA','2013-04-26 16:54:02',NULL,0,NULL),(2041,174,'25','01','05','YARINACOCHA','2013-04-26 16:54:02',NULL,0,NULL),(2042,174,'25','01','06','NUEVA REQUENA','2013-04-26 16:54:02',NULL,0,NULL),(2043,174,'25','02','00','ATALAYA','2013-04-26 16:54:02',NULL,0,NULL),(2044,174,'25','02','01','RAYMONDI','2013-04-26 16:54:02',NULL,0,NULL),(2045,174,'25','02','02','SEPAHUA','2013-04-26 16:54:02',NULL,0,NULL),(2046,174,'25','02','03','TAHUANIA','2013-04-26 16:54:02',NULL,0,NULL),(2047,174,'25','02','04','YURUA','2013-04-26 16:54:02',NULL,0,NULL),(2048,174,'25','03','00','PADRE ABAD','2013-04-26 16:54:02',NULL,0,NULL),(2049,174,'25','03','01','PADRE ABAD','2013-04-26 16:54:02',NULL,0,NULL),(2050,174,'25','03','02','IRAZOLA','2013-04-26 16:54:02',NULL,0,NULL),(2051,174,'25','03','03','CURIMANA','2013-04-26 16:54:02',NULL,0,NULL),(2052,174,'25','04','00','PURUS','2013-04-26 16:54:02',NULL,0,NULL),(2053,174,'25','04','01','PURUS','2013-04-26 16:54:02','2008-11-24 12:53:52',0,6);
/*!40000 ALTER TABLE `ubigeo` ENABLE KEYS */;
UNLOCK TABLES;

--
-- Table structure for table `usuario`
--

DROP TABLE IF EXISTS `usuario`;
/*!40101 SET @saved_cs_client     = @@character_set_client */;
/*!40101 SET character_set_client = utf8 */;
CREATE TABLE `usuario` (
  `usuarioId` int(11) NOT NULL AUTO_INCREMENT,
  `nombre` varchar(150) COLLATE utf8_spanish_ci NOT NULL,
  `dni` varchar(8) COLLATE utf8_spanish_ci DEFAULT NULL,
  `username` varchar(20) COLLATE utf8_spanish_ci NOT NULL,
  `password` varchar(100) COLLATE utf8_spanish_ci NOT NULL,
  `email` varchar(100) COLLATE utf8_spanish_ci NOT NULL,
  `rolId` int(2) NOT NULL,
  `estado` int(1) DEFAULT NULL,
  `fecha_creacion` datetime NOT NULL,
  `fecha_modificacion` datetime DEFAULT NULL,
  PRIMARY KEY (`usuarioId`)
) ENGINE=InnoDB AUTO_INCREMENT=12 DEFAULT CHARSET=utf8 COLLATE=utf8_spanish_ci;
/*!40101 SET character_set_client = @saved_cs_client */;

--
-- Dumping data for table `usuario`
--

LOCK TABLES `usuario` WRITE;
/*!40000 ALTER TABLE `usuario` DISABLE KEYS */;
INSERT INTO `usuario` VALUES (1,'Juan D. Wong C.','45233736','juan88','a964c799c409fc6f55aaf2159f51c25008815589','jdwong111@gmail.com',1,1,'2016-03-30 12:27:26',NULL),(2,'Juan Wong','45233736','wongfox','a964c799c409fc6f55aaf2159f51c25008815589','jdwong111@hotmail.com',1,0,'0000-00-00 00:00:00',NULL),(3,'Antonella Wong','45236985','antonella','a964c799c409fc6f55aaf2159f51c25008815589','antonella123@gmail.com',1,1,'0000-00-00 00:00:00',NULL),(4,'Pedro Perez','45248596','pedro99','a964c799c409fc6f55aaf2159f51c25008815589','pedroperez@gmail.com',1,0,'0000-00-00 00:00:00',NULL),(5,'Paolo Valencia','45896582','paolo88','a964c799c409fc6f55aaf2159f51c25008815589','paolo88@gmail.com',1,1,'2015-06-04 05:39:21',NULL),(6,'Andry Miranda','45896325','andry88','a964c799c409fc6f55aaf2159f51c25008815589','andryams@gmail.com',1,1,'2015-06-04 05:53:30',NULL),(7,'Victor C.','36589854','victorc','f865b53623b121fd34ee5426c792e5c33af8c227','victor@gmail.com',1,0,'2015-06-05 09:48:34',NULL),(8,'Maria Lopez','45879621','maria88','f865b53623b121fd34ee5426c792e5c33af8c227','maria_lopez@gmail.com',2,1,'2015-06-05 02:58:18',NULL),(9,'Santiago Valencia','42369852','santiago','a964c799c409fc6f55aaf2159f51c25008815589','santivale@gmail.com',2,0,'2015-06-05 03:42:27',NULL),(10,'Flavio Florentini','45896582','flavio','f865b53623b121fd34ee5426c792e5c33af8c227','flavio88@gmail.com',1,1,'2015-06-05 06:08:05',NULL),(11,'Dolores Chuquizuta Tello','22554689','dolores','a964c799c409fc6f55aaf2159f51c25008815589','doloresct41@gmail.com',2,1,'2016-04-03 05:02:55',NULL);
/*!40000 ALTER TABLE `usuario` ENABLE KEYS */;
UNLOCK TABLES;

--
-- Table structure for table `usuario_sucursal`
--

DROP TABLE IF EXISTS `usuario_sucursal`;
/*!40101 SET @saved_cs_client     = @@character_set_client */;
/*!40101 SET character_set_client = utf8 */;
CREATE TABLE `usuario_sucursal` (
  `usuarioId` int(11) NOT NULL,
  `sucursalId` int(11) NOT NULL,
  `estado` int(1) DEFAULT NULL,
  PRIMARY KEY (`usuarioId`,`sucursalId`),
  KEY `fk_usuario_has_sucursal_sucursal1_idx` (`sucursalId`),
  KEY `fk_usuario_has_sucursal_usuario1_idx` (`usuarioId`),
  CONSTRAINT `fk_usuario_has_sucursal_sucursal1` FOREIGN KEY (`sucursalId`) REFERENCES `sucursal` (`sucursalId`) ON DELETE NO ACTION ON UPDATE NO ACTION,
  CONSTRAINT `fk_usuario_has_sucursal_usuario1` FOREIGN KEY (`usuarioId`) REFERENCES `usuario` (`usuarioId`) ON DELETE NO ACTION ON UPDATE NO ACTION
) ENGINE=InnoDB DEFAULT CHARSET=utf8 COLLATE=utf8_spanish_ci;
/*!40101 SET character_set_client = @saved_cs_client */;

--
-- Dumping data for table `usuario_sucursal`
--

LOCK TABLES `usuario_sucursal` WRITE;
/*!40000 ALTER TABLE `usuario_sucursal` DISABLE KEYS */;
/*!40000 ALTER TABLE `usuario_sucursal` ENABLE KEYS */;
UNLOCK TABLES;
/*!40103 SET TIME_ZONE=@OLD_TIME_ZONE */;

/*!40101 SET SQL_MODE=@OLD_SQL_MODE */;
/*!40014 SET FOREIGN_KEY_CHECKS=@OLD_FOREIGN_KEY_CHECKS */;
/*!40014 SET UNIQUE_CHECKS=@OLD_UNIQUE_CHECKS */;
/*!40101 SET CHARACTER_SET_CLIENT=@OLD_CHARACTER_SET_CLIENT */;
/*!40101 SET CHARACTER_SET_RESULTS=@OLD_CHARACTER_SET_RESULTS */;
/*!40101 SET COLLATION_CONNECTION=@OLD_COLLATION_CONNECTION */;
/*!40111 SET SQL_NOTES=@OLD_SQL_NOTES */;

-- Dump completed on 2017-01-03  8:00:51
